Variable,opex_costs
opex_costs,"(3, 0, 'Feedstock', 'heat')",0.0
opex_costs,"(3, 0, 'Feedstock', 'electricity')",0.0
opex_costs,"(3, 0, 'Feedstock', 'disposal')",0.0
opex_costs,"(3, 0, 'Feedstock', 'transportation')",5903.980999999999
opex_costs,"(3, 0, 'Feedstock', 'water')",0.0
opex_costs,"(3, 0, 'Feedstock', 'labor')",0.0
opex_costs,"(3, 0, 'Feedstock', 'diesel')",142.32245267700003
opex_costs,"(3, 0, 'Feedstock', 'TPC')",81.06490799999999
opex_costs,"(3, 1, 'Feedstock', 'heat')",0.0
opex_costs,"(3, 1, 'Feedstock', 'electricity')",0.0
opex_costs,"(3, 1, 'Feedstock', 'disposal')",0.0
opex_costs,"(3, 1, 'Feedstock', 'transportation')",5870.786718355967
opex_costs,"(3, 1, 'Feedstock', 'water')",0.0
opex_costs,"(3, 1, 'Feedstock', 'labor')",0.0
opex_costs,"(3, 1, 'Feedstock', 'diesel')",141.52226521392558
opex_costs,"(3, 1, 'Feedstock', 'TPC')",80.60913224672443
opex_costs,"(3, 2, 'Feedstock', 'heat')",0.0
opex_costs,"(3, 2, 'Feedstock', 'electricity')",0.0
opex_costs,"(3, 2, 'Feedstock', 'disposal')",0.0
opex_costs,"(3, 2, 'Feedstock', 'transportation')",5837.779066772881
opex_costs,"(3, 2, 'Feedstock', 'water')",0.0
opex_costs,"(3, 2, 'Feedstock', 'labor')",0.0
opex_costs,"(3, 2, 'Feedstock', 'diesel')",140.72657668945158
opex_costs,"(3, 2, 'Feedstock', 'TPC')",80.15591902688534
opex_costs,"(3, 3, 'Feedstock', 'heat')",0.0
opex_costs,"(3, 3, 'Feedstock', 'electricity')",0.0
opex_costs,"(3, 3, 'Feedstock', 'disposal')",0.0
opex_costs,"(3, 3, 'Feedstock', 'transportation')",5804.956995950144
opex_costs,"(3, 3, 'Feedstock', 'water')",0.0
opex_costs,"(3, 3, 'Feedstock', 'labor')",0.0
opex_costs,"(3, 3, 'Feedstock', 'diesel')",139.93536180894463
opex_costs,"(3, 3, 'Feedstock', 'TPC')",79.70525393300805
opex_costs,"(3, 4, 'Feedstock', 'heat')",0.0
opex_costs,"(3, 4, 'Feedstock', 'electricity')",0.0
opex_costs,"(3, 4, 'Feedstock', 'disposal')",0.0
opex_costs,"(3, 4, 'Feedstock', 'transportation')",5772.319462486696
opex_costs,"(3, 4, 'Feedstock', 'water')",0.0
opex_costs,"(3, 4, 'Feedstock', 'labor')",0.0
opex_costs,"(3, 4, 'Feedstock', 'diesel')",139.14859541998678
opex_costs,"(3, 4, 'Feedstock', 'TPC')",79.25712263862188
opex_costs,"(3, 5, 'Feedstock', 'heat')",0.0
opex_costs,"(3, 5, 'Feedstock', 'electricity')",0.0
opex_costs,"(3, 5, 'Feedstock', 'disposal')",0.0
opex_costs,"(3, 5, 'Feedstock', 'transportation')",34439.192573087086
opex_costs,"(3, 5, 'Feedstock', 'water')",0.0
opex_costs,"(3, 5, 'Feedstock', 'labor')",0.0
opex_costs,"(3, 5, 'Feedstock', 'diesel')",830.1975150694557
opex_costs,"(3, 5, 'Feedstock', 'TPC')",78.81151089780462
opex_costs,"(3, 6, 'Feedstock', 'heat')",0.0
opex_costs,"(3, 6, 'Feedstock', 'electricity')",0.0
opex_costs,"(3, 6, 'Feedstock', 'disposal')",0.0
opex_costs,"(3, 6, 'Feedstock', 'transportation')",5707.593863332306
opex_costs,"(3, 6, 'Feedstock', 'water')",0.0
opex_costs,"(3, 6, 'Feedstock', 'labor')",0.0
opex_costs,"(3, 6, 'Feedstock', 'diesel')",137.58830821333063
opex_costs,"(3, 6, 'Feedstock', 'TPC')",78.36840454472971
opex_costs,"(3, 7, 'Feedstock', 'heat')",0.0
opex_costs,"(3, 7, 'Feedstock', 'electricity')",0.0
opex_costs,"(3, 7, 'Feedstock', 'disposal')",0.0
opex_costs,"(3, 7, 'Feedstock', 'transportation')",5675.50374003936
opex_costs,"(3, 7, 'Feedstock', 'water')",0.0
opex_costs,"(3, 7, 'Feedstock', 'labor')",0.0
opex_costs,"(3, 7, 'Feedstock', 'diesel')",136.81473779469965
opex_costs,"(3, 7, 'Feedstock', 'TPC')",77.92778949321597
opex_costs,"(3, 8, 'Feedstock', 'heat')",0.0
opex_costs,"(3, 8, 'Feedstock', 'electricity')",0.0
opex_costs,"(3, 8, 'Feedstock', 'disposal')",0.0
opex_costs,"(3, 8, 'Feedstock', 'transportation')",5643.594038836286
opex_costs,"(3, 8, 'Feedstock', 'water')",0.0
opex_costs,"(3, 8, 'Feedstock', 'labor')",0.0
opex_costs,"(3, 8, 'Feedstock', 'diesel')",136.04551666417572
opex_costs,"(3, 8, 'Feedstock', 'TPC')",77.48965173627964
opex_costs,"(3, 9, 'Feedstock', 'heat')",0.0
opex_costs,"(3, 9, 'Feedstock', 'electricity')",0.0
opex_costs,"(3, 9, 'Feedstock', 'disposal')",0.0
opex_costs,"(3, 9, 'Feedstock', 'transportation')",5611.863745325905
opex_costs,"(3, 9, 'Feedstock', 'water')",0.0
opex_costs,"(3, 9, 'Feedstock', 'labor')",0.0
opex_costs,"(3, 9, 'Feedstock', 'diesel')",135.28062036851378
opex_costs,"(3, 9, 'Feedstock', 'TPC')",77.05397734568929
opex_costs,"(3, 10, 'Feedstock', 'heat')",0.0
opex_costs,"(3, 10, 'Feedstock', 'electricity')",0.0
opex_costs,"(3, 10, 'Feedstock', 'disposal')",0.0
opex_costs,"(3, 10, 'Feedstock', 'transportation')",5580.31185081434
opex_costs,"(3, 10, 'Feedstock', 'water')",0.0
opex_costs,"(3, 10, 'Feedstock', 'labor')",0.0
opex_costs,"(3, 10, 'Feedstock', 'diesel')",134.52002459195353
opex_costs,"(3, 10, 'Feedstock', 'TPC')",76.62075247152289
opex_costs,"(3, 11, 'Feedstock', 'heat')",0.0
opex_costs,"(3, 11, 'Feedstock', 'electricity')",0.0
opex_costs,"(3, 11, 'Feedstock', 'disposal')",0.0
opex_costs,"(3, 11, 'Feedstock', 'transportation')",5548.937352278952
opex_costs,"(3, 11, 'Feedstock', 'water')",0.0
opex_costs,"(3, 11, 'Feedstock', 'labor')",0.0
opex_costs,"(3, 11, 'Feedstock', 'diesel')",133.76370515544664
opex_costs,"(3, 11, 'Feedstock', 'TPC')",76.1899633417277
opex_costs,"(3, 12, 'Feedstock', 'heat')",0.0
opex_costs,"(3, 12, 'Feedstock', 'electricity')",0.0
opex_costs,"(3, 12, 'Feedstock', 'disposal')",0.0
opex_costs,"(3, 12, 'Feedstock', 'transportation')",5517.739252336449
opex_costs,"(3, 12, 'Feedstock', 'water')",0.0
opex_costs,"(3, 12, 'Feedstock', 'labor')",0.0
opex_costs,"(3, 12, 'Feedstock', 'diesel')",133.01163801588788
opex_costs,"(3, 12, 'Feedstock', 'TPC')",75.76159626168223
opex_costs,"(3, 13, 'Feedstock', 'heat')",0.0
opex_costs,"(3, 13, 'Feedstock', 'electricity')",0.0
opex_costs,"(3, 13, 'Feedstock', 'disposal')",0.0
opex_costs,"(3, 13, 'Feedstock', 'transportation')",5486.716559211183
opex_costs,"(3, 13, 'Feedstock', 'water')",0.0
opex_costs,"(3, 13, 'Feedstock', 'labor')",0.0
opex_costs,"(3, 13, 'Feedstock', 'diesel')",132.263799265351
opex_costs,"(3, 13, 'Feedstock', 'TPC')",75.33563761376115
opex_costs,"(3, 14, 'Feedstock', 'heat')",0.0
opex_costs,"(3, 14, 'Feedstock', 'electricity')",0.0
opex_costs,"(3, 14, 'Feedstock', 'disposal')",0.0
opex_costs,"(3, 14, 'Feedstock', 'transportation')",5455.868286703628
opex_costs,"(3, 14, 'Feedstock', 'water')",0.0
opex_costs,"(3, 14, 'Feedstock', 'labor')",0.0
opex_costs,"(3, 14, 'Feedstock', 'diesel')",131.5201651303286
opex_costs,"(3, 14, 'Feedstock', 'TPC')",74.9120738569022
opex_costs,"(3, 15, 'Feedstock', 'heat')",0.0
opex_costs,"(3, 15, 'Feedstock', 'electricity')",0.0
opex_costs,"(3, 15, 'Feedstock', 'disposal')",0.0
opex_costs,"(3, 15, 'Feedstock', 'transportation')",5425.193454159013
opex_costs,"(3, 15, 'Feedstock', 'water')",0.0
opex_costs,"(3, 15, 'Feedstock', 'labor')",0.0
opex_costs,"(3, 15, 'Feedstock', 'diesel')",130.78071197097628
opex_costs,"(3, 15, 'Feedstock', 'TPC')",74.49089152617574
opex_costs,"(3, 16, 'Feedstock', 'heat')",0.0
opex_costs,"(3, 16, 'Feedstock', 'electricity')",0.0
opex_costs,"(3, 16, 'Feedstock', 'disposal')",0.0
opex_costs,"(3, 16, 'Feedstock', 'transportation')",5394.691086436164
opex_costs,"(3, 16, 'Feedstock', 'water')",0.0
opex_costs,"(3, 16, 'Feedstock', 'labor')",0.0
opex_costs,"(3, 16, 'Feedstock', 'diesel')",130.0454162803615
opex_costs,"(3, 16, 'Feedstock', 'TPC')",74.0720772323569
opex_costs,"(3, 17, 'Feedstock', 'heat')",0.0
opex_costs,"(3, 17, 'Feedstock', 'electricity')",0.0
opex_costs,"(3, 17, 'Feedstock', 'disposal')",0.0
opex_costs,"(3, 17, 'Feedstock', 'transportation')",69736.68278039442
opex_costs,"(3, 17, 'Feedstock', 'water')",0.0
opex_costs,"(3, 17, 'Feedstock', 'labor')",0.0
opex_costs,"(3, 17, 'Feedstock', 'diesel')",1681.0853108883055
opex_costs,"(3, 17, 'Feedstock', 'TPC')",73.65561766149963
opex_costs,"(3, 18, 'Feedstock', 'heat')",0.0
opex_costs,"(3, 18, 'Feedstock', 'electricity')",0.0
opex_costs,"(3, 18, 'Feedstock', 'disposal')",0.0
opex_costs,"(3, 18, 'Feedstock', 'transportation')",5334.199872273183
opex_costs,"(3, 18, 'Feedstock', 'water')",0.0
opex_costs,"(3, 18, 'Feedstock', 'labor')",0.0
opex_costs,"(3, 18, 'Feedstock', 'diesel')",128.58720393769218
opex_costs,"(3, 18, 'Feedstock', 'TPC')",73.24149957451377
opex_costs,"(3, 19, 'Feedstock', 'heat')",0.0
opex_costs,"(3, 19, 'Feedstock', 'electricity')",0.0
opex_costs,"(3, 19, 'Feedstock', 'disposal')",0.0
opex_costs,"(3, 19, 'Feedstock', 'transportation')",5304.209102840525
opex_costs,"(3, 19, 'Feedstock', 'water')",0.0
opex_costs,"(3, 19, 'Feedstock', 'labor')",0.0
opex_costs,"(3, 19, 'Feedstock', 'diesel')",127.86424092962586
opex_costs,"(3, 19, 'Feedstock', 'TPC')",72.8297098067439
opex_costs,"(3, 20, 'Feedstock', 'heat')",0.0
opex_costs,"(3, 20, 'Feedstock', 'electricity')",0.0
opex_costs,"(3, 20, 'Feedstock', 'disposal')",0.0
opex_costs,"(3, 20, 'Feedstock', 'transportation')",5274.386952183445
opex_costs,"(3, 20, 'Feedstock', 'water')",0.0
opex_costs,"(3, 20, 'Feedstock', 'labor')",0.0
opex_costs,"(3, 20, 'Feedstock', 'diesel')",127.14534267679977
opex_costs,"(3, 20, 'Feedstock', 'TPC')",72.42023526755108
opex_costs,"(3, 21, 'Feedstock', 'heat')",0.0
opex_costs,"(3, 21, 'Feedstock', 'electricity')",0.0
opex_costs,"(3, 21, 'Feedstock', 'disposal')",0.0
opex_costs,"(3, 21, 'Feedstock', 'transportation')",5244.732472267201
opex_costs,"(3, 21, 'Feedstock', 'water')",0.0
opex_costs,"(3, 21, 'Feedstock', 'labor')",0.0
opex_costs,"(3, 21, 'Feedstock', 'diesel')",126.43048632571383
opex_costs,"(3, 21, 'Feedstock', 'TPC')",72.01306293989653
opex_costs,"(3, 22, 'Feedstock', 'heat')",0.0
opex_costs,"(3, 22, 'Feedstock', 'electricity')",0.0
opex_costs,"(3, 22, 'Feedstock', 'disposal')",0.0
opex_costs,"(3, 22, 'Feedstock', 'transportation')",5215.244720387233
opex_costs,"(3, 22, 'Feedstock', 'water')",0.0
opex_costs,"(3, 22, 'Feedstock', 'labor')",0.0
opex_costs,"(3, 22, 'Feedstock', 'diesel')",125.71964915135845
opex_costs,"(3, 22, 'Feedstock', 'TPC')",71.60817987992795
opex_costs,"(3, 23, 'Feedstock', 'heat')",0.0
opex_costs,"(3, 23, 'Feedstock', 'electricity')",0.0
opex_costs,"(3, 23, 'Feedstock', 'disposal')",0.0
opex_costs,"(3, 23, 'Feedstock', 'transportation')",5185.922759139206
opex_costs,"(3, 23, 'Feedstock', 'water')",0.0
opex_costs,"(3, 23, 'Feedstock', 'labor')",0.0
opex_costs,"(3, 23, 'Feedstock', 'diesel')",125.01280855649217
opex_costs,"(3, 23, 'Feedstock', 'TPC')",71.20557321656794
opex_costs,"(3, 24, 'Feedstock', 'heat')",0.0
opex_costs,"(3, 24, 'Feedstock', 'electricity')",0.0
opex_costs,"(3, 24, 'Feedstock', 'disposal')",0.0
opex_costs,"(3, 24, 'Feedstock', 'transportation')",5156.765656389204
opex_costs,"(3, 24, 'Feedstock', 'water')",0.0
opex_costs,"(3, 24, 'Feedstock', 'labor')",0.0
opex_costs,"(3, 24, 'Feedstock', 'diesel')",124.30994207092327
opex_costs,"(3, 24, 'Feedstock', 'TPC')",70.80523015110491
opex_costs,"(3, 25, 'Feedstock', 'heat')",0.0
opex_costs,"(3, 25, 'Feedstock', 'electricity')",0.0
opex_costs,"(3, 25, 'Feedstock', 'disposal')",0.0
opex_costs,"(3, 25, 'Feedstock', 'transportation')",5127.772485244097
opex_costs,"(3, 25, 'Feedstock', 'water')",0.0
opex_costs,"(3, 25, 'Feedstock', 'labor')",0.0
opex_costs,"(3, 25, 'Feedstock', 'diesel')",123.61102735079533
opex_costs,"(3, 25, 'Feedstock', 'TPC')",70.40713795678613
opex_costs,"(3, 26, 'Feedstock', 'heat')",0.0
opex_costs,"(3, 26, 'Feedstock', 'electricity')",0.0
opex_costs,"(3, 26, 'Feedstock', 'disposal')",0.0
opex_costs,"(3, 26, 'Feedstock', 'transportation')",5098.942324022083
opex_costs,"(3, 26, 'Feedstock', 'water')",0.0
opex_costs,"(3, 26, 'Feedstock', 'labor')",0.0
opex_costs,"(3, 26, 'Feedstock', 'diesel')",122.91604217787717
opex_costs,"(3, 26, 'Feedstock', 'TPC')",70.01128397841326
opex_costs,"(3, 27, 'Feedstock', 'heat')",0.0
opex_costs,"(3, 27, 'Feedstock', 'electricity')",0.0
opex_costs,"(3, 27, 'Feedstock', 'disposal')",0.0
opex_costs,"(3, 27, 'Feedstock', 'transportation')",5070.274256223377
opex_costs,"(3, 27, 'Feedstock', 'water')",0.0
opex_costs,"(3, 27, 'Feedstock', 'labor')",0.0
opex_costs,"(3, 27, 'Feedstock', 'diesel')",122.22496445885636
opex_costs,"(3, 27, 'Feedstock', 'TPC')",69.61765563193995
opex_costs,"(3, 28, 'Feedstock', 'heat')",0.0
opex_costs,"(3, 28, 'Feedstock', 'electricity')",0.0
opex_costs,"(3, 28, 'Feedstock', 'disposal')",0.0
opex_costs,"(3, 28, 'Feedstock', 'transportation')",5041.767370501088
opex_costs,"(3, 28, 'Feedstock', 'water')",0.0
opex_costs,"(3, 28, 'Feedstock', 'labor')",0.0
opex_costs,"(3, 28, 'Feedstock', 'diesel')",121.53777222463691
opex_costs,"(3, 28, 'Feedstock', 'TPC')",69.22624040407186
opex_costs,"(3, 29, 'Feedstock', 'heat')",0.0
opex_costs,"(3, 29, 'Feedstock', 'electricity')",0.0
opex_costs,"(3, 29, 'Feedstock', 'disposal')",0.0
opex_costs,"(3, 29, 'Feedstock', 'transportation')",65174.46988821907
opex_costs,"(3, 29, 'Feedstock', 'water')",0.0
opex_costs,"(3, 29, 'Feedstock', 'labor')",0.0
opex_costs,"(3, 29, 'Feedstock', 'diesel')",1571.1077671853322
opex_costs,"(3, 29, 'Feedstock', 'TPC')",68.83702585186883
opex_costs,"(3, 30, 'Feedstock', 'heat')",0.0
opex_costs,"(3, 30, 'Feedstock', 'electricity')",0.0
opex_costs,"(3, 30, 'Feedstock', 'disposal')",0.0
opex_costs,"(3, 30, 'Feedstock', 'transportation')",4985.233525488956
opex_costs,"(3, 30, 'Feedstock', 'water')",0.0
opex_costs,"(3, 30, 'Feedstock', 'labor')",0.0
opex_costs,"(3, 30, 'Feedstock', 'diesel')",120.17495695111418
opex_costs,"(3, 30, 'Feedstock', 'TPC')",68.44999960234931
opex_costs,"(3, 31, 'Feedstock', 'heat')",0.0
opex_costs,"(3, 31, 'Feedstock', 'electricity')",0.0
opex_costs,"(3, 31, 'Feedstock', 'disposal')",0.0
opex_costs,"(3, 31, 'Feedstock', 'transportation')",4957.204769009836
opex_costs,"(3, 31, 'Feedstock', 'water')",0.0
opex_costs,"(3, 31, 'Feedstock', 'labor')",0.0
opex_costs,"(3, 31, 'Feedstock', 'diesel')",119.49929058843539
opex_costs,"(3, 31, 'Feedstock', 'TPC')",68.06514935209711
opex_costs,"(3, 32, 'Feedstock', 'heat')",0.0
opex_costs,"(3, 32, 'Feedstock', 'electricity')",0.0
opex_costs,"(3, 32, 'Feedstock', 'disposal')",0.0
opex_costs,"(3, 32, 'Feedstock', 'transportation')",4929.333600171444
opex_costs,"(3, 32, 'Feedstock', 'water')",0.0
opex_costs,"(3, 32, 'Feedstock', 'labor')",0.0
opex_costs,"(3, 32, 'Feedstock', 'diesel')",118.82742306242967
opex_costs,"(3, 32, 'Feedstock', 'TPC')",67.68246286687015
opex_costs,"(3, 33, 'Feedstock', 'heat')",0.0
opex_costs,"(3, 33, 'Feedstock', 'electricity')",0.0
opex_costs,"(3, 33, 'Feedstock', 'disposal')",0.0
opex_costs,"(3, 33, 'Feedstock', 'transportation')",4901.619132960001
opex_costs,"(3, 33, 'Feedstock', 'water')",0.0
opex_costs,"(3, 33, 'Feedstock', 'labor')",0.0
opex_costs,"(3, 33, 'Feedstock', 'diesel')",118.15933301468583
opex_costs,"(3, 33, 'Feedstock', 'TPC')",67.3019279812117
opex_costs,"(3, 34, 'Feedstock', 'heat')",0.0
opex_costs,"(3, 34, 'Feedstock', 'electricity')",0.0
opex_costs,"(3, 34, 'Feedstock', 'disposal')",0.0
opex_costs,"(3, 34, 'Feedstock', 'transportation')",4874.060486343209
opex_costs,"(3, 34, 'Feedstock', 'water')",0.0
opex_costs,"(3, 34, 'Feedstock', 'labor')",0.0
opex_costs,"(3, 34, 'Feedstock', 'diesel')",117.49499920687705
opex_costs,"(3, 34, 'Feedstock', 'TPC')",66.9235325980635
opex_costs,"(3, 35, 'Feedstock', 'heat')",0.0
opex_costs,"(3, 35, 'Feedstock', 'electricity')",0.0
opex_costs,"(3, 35, 'Feedstock', 'disposal')",0.0
opex_costs,"(3, 35, 'Feedstock', 'transportation')",4846.656784242249
opex_costs,"(3, 35, 'Feedstock', 'water')",0.0
opex_costs,"(3, 35, 'Feedstock', 'labor')",0.0
opex_costs,"(3, 35, 'Feedstock', 'diesel')",116.83440052008616
opex_costs,"(3, 35, 'Feedstock', 'TPC')",66.54726468838126
opex_costs,"(3, 36, 'Feedstock', 'heat')",0.0
opex_costs,"(3, 36, 'Feedstock', 'electricity')",0.0
opex_costs,"(3, 36, 'Feedstock', 'disposal')",0.0
opex_costs,"(3, 36, 'Feedstock', 'transportation')",4819.40715550393
opex_costs,"(3, 36, 'Feedstock', 'water')",0.0
opex_costs,"(3, 36, 'Feedstock', 'labor')",0.0
opex_costs,"(3, 36, 'Feedstock', 'diesel')",116.1775159541339
opex_costs,"(3, 36, 'Feedstock', 'TPC')",66.17311229075224
opex_costs,"(3, 37, 'Feedstock', 'heat')",0.0
opex_costs,"(3, 37, 'Feedstock', 'electricity')",0.0
opex_costs,"(3, 37, 'Feedstock', 'disposal')",0.0
opex_costs,"(3, 37, 'Feedstock', 'transportation')",4792.310733872989
opex_costs,"(3, 37, 'Feedstock', 'water')",0.0
opex_costs,"(3, 37, 'Feedstock', 'labor')",0.0
opex_costs,"(3, 37, 'Feedstock', 'diesel')",115.52432462691154
opex_costs,"(3, 37, 'Feedstock', 'TPC')",65.80106351101509
opex_costs,"(3, 38, 'Feedstock', 'heat')",0.0
opex_costs,"(3, 38, 'Feedstock', 'electricity')",0.0
opex_costs,"(3, 38, 'Feedstock', 'disposal')",0.0
opex_costs,"(3, 38, 'Feedstock', 'transportation')",4765.366657964563
opex_costs,"(3, 38, 'Feedstock', 'water')",0.0
opex_costs,"(3, 38, 'Feedstock', 'labor')",0.0
opex_costs,"(3, 38, 'Feedstock', 'diesel')",114.874805773717
opex_costs,"(3, 38, 'Feedstock', 'TPC')",65.43110652188156
opex_costs,"(3, 39, 'Feedstock', 'heat')",0.0
opex_costs,"(3, 39, 'Feedstock', 'electricity')",0.0
opex_costs,"(3, 39, 'Feedstock', 'disposal')",0.0
opex_costs,"(3, 39, 'Feedstock', 'transportation')",4738.5740712368015
opex_costs,"(3, 39, 'Feedstock', 'water')",0.0
opex_costs,"(3, 39, 'Feedstock', 'labor')",0.0
opex_costs,"(3, 39, 'Feedstock', 'diesel')",114.22893874659474
opex_costs,"(3, 39, 'Feedstock', 'TPC')",65.06322956256072
opex_costs,"(3, 40, 'Feedstock', 'heat')",0.0
opex_costs,"(3, 40, 'Feedstock', 'electricity')",0.0
opex_costs,"(3, 40, 'Feedstock', 'disposal')",0.0
opex_costs,"(3, 40, 'Feedstock', 'transportation')",4711.932121963635
opex_costs,"(3, 40, 'Feedstock', 'water')",0.0
opex_costs,"(3, 40, 'Feedstock', 'labor')",0.0
opex_costs,"(3, 40, 'Feedstock', 'diesel')",113.58670301367938
opex_costs,"(3, 40, 'Feedstock', 'TPC')",64.69742093838494
opex_costs,"(3, 41, 'Feedstock', 'heat')",0.0
opex_costs,"(3, 41, 'Feedstock', 'electricity')",0.0
opex_costs,"(3, 41, 'Feedstock', 'disposal')",0.0
opex_costs,"(3, 41, 'Feedstock', 'transportation')",60910.71952170008
opex_costs,"(3, 41, 'Feedstock', 'water')",0.0
opex_costs,"(3, 41, 'Feedstock', 'labor')",0.0
opex_costs,"(3, 41, 'Feedstock', 'diesel')",1468.325016061058
opex_costs,"(3, 41, 'Feedstock', 'TPC')",64.33366902043817
opex_costs,"(3, 42, 'Feedstock', 'heat')",0.0
opex_costs,"(3, 42, 'Feedstock', 'electricity')",0.0
opex_costs,"(3, 42, 'Feedstock', 'disposal')",0.0
opex_costs,"(3, 42, 'Feedstock', 'transportation')",4659.096752793417
opex_costs,"(3, 42, 'Feedstock', 'water')",0.0
opex_costs,"(3, 42, 'Feedstock', 'labor')",0.0
opex_costs,"(3, 42, 'Feedstock', 'diesel')",112.31304387954596
opex_costs,"(3, 42, 'Feedstock', 'TPC')",63.971962245186276
opex_costs,"(3, 43, 'Feedstock', 'heat')",0.0
opex_costs,"(3, 43, 'Feedstock', 'electricity')",0.0
opex_costs,"(3, 43, 'Feedstock', 'disposal')",0.0
opex_costs,"(3, 43, 'Feedstock', 'transportation')",4632.90165328022
opex_costs,"(3, 43, 'Feedstock', 'water')",0.0
opex_costs,"(3, 43, 'Feedstock', 'labor')",0.0
opex_costs,"(3, 43, 'Feedstock', 'diesel')",111.68157998919195
opex_costs,"(3, 43, 'Feedstock', 'TPC')",63.61228911410944
opex_costs,"(3, 44, 'Feedstock', 'heat')",0.0
opex_costs,"(3, 44, 'Feedstock', 'electricity')",0.0
opex_costs,"(3, 44, 'Feedstock', 'disposal')",0.0
opex_costs,"(3, 44, 'Feedstock', 'transportation')",4606.8538319359295
opex_costs,"(3, 44, 'Feedstock', 'water')",0.0
opex_costs,"(3, 44, 'Feedstock', 'labor')",0.0
opex_costs,"(3, 44, 'Feedstock', 'diesel')",111.05366641348569
opex_costs,"(3, 44, 'Feedstock', 'TPC')",63.2546381933366
opex_costs,"(3, 45, 'Feedstock', 'heat')",0.0
opex_costs,"(3, 45, 'Feedstock', 'electricity')",0.0
opex_costs,"(3, 45, 'Feedstock', 'disposal')",0.0
opex_costs,"(3, 45, 'Feedstock', 'transportation')",4580.952460710281
opex_costs,"(3, 45, 'Feedstock', 'water')",0.0
opex_costs,"(3, 45, 'Feedstock', 'labor')",0.0
opex_costs,"(3, 45, 'Feedstock', 'diesel')",110.42928319129516
opex_costs,"(3, 45, 'Feedstock', 'TPC')",62.89899811328197
opex_costs,"(3, 46, 'Feedstock', 'heat')",0.0
opex_costs,"(3, 46, 'Feedstock', 'electricity')",0.0
opex_costs,"(3, 46, 'Feedstock', 'disposal')",0.0
opex_costs,"(3, 46, 'Feedstock', 'transportation')",4555.196716208607
opex_costs,"(3, 46, 'Feedstock', 'water')",0.0
opex_costs,"(3, 46, 'Feedstock', 'labor')",0.0
opex_costs,"(3, 46, 'Feedstock', 'diesel')",109.80841047371689
opex_costs,"(3, 46, 'Feedstock', 'TPC')",62.54535756828364
opex_costs,"(3, 47, 'Feedstock', 'heat')",0.0
opex_costs,"(3, 47, 'Feedstock', 'electricity')",0.0
opex_costs,"(3, 47, 'Feedstock', 'disposal')",0.0
opex_costs,"(3, 47, 'Feedstock', 'transportation')",4529.585779665654
opex_costs,"(3, 47, 'Feedstock', 'water')",0.0
opex_costs,"(3, 47, 'Feedstock', 'labor')",0.0
opex_costs,"(3, 47, 'Feedstock', 'diesel')",109.19102852344503
opex_costs,"(3, 47, 'Feedstock', 'TPC')",62.19370531624417
opex_costs,"(3, 48, 'Feedstock', 'heat')",0.0
opex_costs,"(3, 48, 'Feedstock', 'electricity')",0.0
opex_costs,"(3, 48, 'Feedstock', 'disposal')",0.0
opex_costs,"(3, 48, 'Feedstock', 'transportation')",4504.118836919561
opex_costs,"(3, 48, 'Feedstock', 'water')",0.0
opex_costs,"(3, 48, 'Feedstock', 'labor')",0.0
opex_costs,"(3, 48, 'Feedstock', 'diesel')",108.57711771414384
opex_costs,"(3, 48, 'Feedstock', 'TPC')",61.84403017827314
opex_costs,"(3, 49, 'Feedstock', 'heat')",0.0
opex_costs,"(3, 49, 'Feedstock', 'electricity')",0.0
opex_costs,"(3, 49, 'Feedstock', 'disposal')",0.0
opex_costs,"(3, 49, 'Feedstock', 'transportation')",4478.7950783859715
opex_costs,"(3, 49, 'Feedstock', 'water')",0.0
opex_costs,"(3, 49, 'Feedstock', 'labor')",0.0
opex_costs,"(3, 49, 'Feedstock', 'diesel')",107.96665852982386
opex_costs,"(3, 49, 'Feedstock', 'TPC')",61.49632103833185
opex_costs,"(3, 50, 'Feedstock', 'heat')",0.0
opex_costs,"(3, 50, 'Feedstock', 'electricity')",0.0
opex_costs,"(3, 50, 'Feedstock', 'disposal')",0.0
opex_costs,"(3, 50, 'Feedstock', 'transportation')",4453.613699032302
opex_costs,"(3, 50, 'Feedstock', 'water')",0.0
opex_costs,"(3, 50, 'Feedstock', 'labor')",0.0
opex_costs,"(3, 50, 'Feedstock', 'diesel')",107.35963156422149
opex_costs,"(3, 50, 'Feedstock', 'TPC')",61.15056684287996
opex_costs,"(3, 51, 'Feedstock', 'heat')",0.0
opex_costs,"(3, 51, 'Feedstock', 'electricity')",0.0
opex_costs,"(3, 51, 'Feedstock', 'disposal')",0.0
opex_costs,"(3, 51, 'Feedstock', 'transportation')",4428.5738983521505
opex_costs,"(3, 51, 'Feedstock', 'water')",0.0
opex_costs,"(3, 51, 'Feedstock', 'labor')",0.0
opex_costs,"(3, 51, 'Feedstock', 'diesel')",106.75601752018201
opex_costs,"(3, 51, 'Feedstock', 'TPC')",60.80675660052404
opex_costs,"(3, 52, 'Feedstock', 'heat')",0.0
opex_costs,"(3, 52, 'Feedstock', 'electricity')",0.0
opex_costs,"(3, 52, 'Feedstock', 'disposal')",0.0
opex_costs,"(3, 52, 'Feedstock', 'transportation')",4403.674880339845
opex_costs,"(3, 52, 'Feedstock', 'water')",0.0
opex_costs,"(3, 52, 'Feedstock', 'labor')",0.0
opex_costs,"(3, 52, 'Feedstock', 'diesel')",106.15579720904614
opex_costs,"(3, 52, 'Feedstock', 'TPC')",60.46487938166816
opex_costs,"(3, 53, 'Feedstock', 'heat')",0.0
opex_costs,"(3, 53, 'Feedstock', 'electricity')",0.0
opex_costs,"(3, 53, 'Feedstock', 'disposal')",0.0
opex_costs,"(3, 53, 'Feedstock', 'transportation')",56925.9060950468
opex_costs,"(3, 53, 'Feedstock', 'water')",0.0
opex_costs,"(3, 53, 'Feedstock', 'labor')",0.0
opex_costs,"(3, 53, 'Feedstock', 'diesel')",1372.2663701505219
opex_costs,"(3, 53, 'Feedstock', 'TPC')",60.12492431816651
opex_costs,"(3, 54, 'Feedstock', 'heat')",0.0
opex_costs,"(3, 54, 'Feedstock', 'electricity')",0.0
opex_costs,"(3, 54, 'Feedstock', 'disposal')",0.0
opex_costs,"(3, 54, 'Feedstock', 'transportation')",4354.296030648054
opex_costs,"(3, 54, 'Feedstock', 'water')",0.0
opex_costs,"(3, 54, 'Feedstock', 'labor')",0.0
opex_costs,"(3, 54, 'Feedstock', 'diesel')",104.96546156966913
opex_costs,"(3, 54, 'Feedstock', 'TPC')",59.78688060297783
opex_costs,"(3, 55, 'Feedstock', 'heat')",0.0
opex_costs,"(3, 55, 'Feedstock', 'electricity')",0.0
opex_costs,"(3, 55, 'Feedstock', 'disposal')",0.0
opex_costs,"(3, 55, 'Feedstock', 'transportation')",4329.814629233851
opex_costs,"(3, 55, 'Feedstock', 'water')",0.0
opex_costs,"(3, 55, 'Feedstock', 'labor')",0.0
opex_costs,"(3, 55, 'Feedstock', 'diesel')",104.37530840111397
opex_costs,"(3, 55, 'Feedstock', 'TPC')",59.45073748982191
opex_costs,"(3, 56, 'Feedstock', 'heat')",0.0
opex_costs,"(3, 56, 'Feedstock', 'electricity')",0.0
opex_costs,"(3, 56, 'Feedstock', 'disposal')",0.0
opex_costs,"(3, 56, 'Feedstock', 'transportation')",4305.470870968158
opex_costs,"(3, 56, 'Feedstock', 'water')",0.0
opex_costs,"(3, 56, 'Feedstock', 'labor')",0.0
opex_costs,"(3, 56, 'Feedstock', 'diesel')",103.7884732836315
opex_costs,"(3, 56, 'Feedstock', 'TPC')",59.11648429283795
opex_costs,"(3, 57, 'Feedstock', 'heat')",0.0
opex_costs,"(3, 57, 'Feedstock', 'electricity')",0.0
opex_costs,"(3, 57, 'Feedstock', 'disposal')",0.0
opex_costs,"(3, 57, 'Feedstock', 'transportation')",4281.263981972225
opex_costs,"(3, 57, 'Feedstock', 'water')",0.0
opex_costs,"(3, 57, 'Feedstock', 'labor')",0.0
opex_costs,"(3, 57, 'Feedstock', 'diesel')",103.20493756195809
opex_costs,"(3, 57, 'Feedstock', 'TPC')",58.78411038624483
opex_costs,"(3, 58, 'Feedstock', 'heat')",0.0
opex_costs,"(3, 58, 'Feedstock', 'electricity')",0.0
opex_costs,"(3, 58, 'Feedstock', 'disposal')",0.0
opex_costs,"(3, 58, 'Feedstock', 'transportation')",4257.193192718324
opex_costs,"(3, 58, 'Feedstock', 'water')",0.0
opex_costs,"(3, 58, 'Feedstock', 'labor')",0.0
opex_costs,"(3, 58, 'Feedstock', 'diesel')",102.62468268571672
opex_costs,"(3, 58, 'Feedstock', 'TPC')",58.453605204003416
opex_costs,"(3, 59, 'Feedstock', 'heat')",0.0
opex_costs,"(3, 59, 'Feedstock', 'electricity')",0.0
opex_costs,"(3, 59, 'Feedstock', 'disposal')",0.0
opex_costs,"(3, 59, 'Feedstock', 'transportation')",4233.257738005284
opex_costs,"(3, 59, 'Feedstock', 'water')",0.0
opex_costs,"(3, 59, 'Feedstock', 'labor')",0.0
opex_costs,"(3, 59, 'Feedstock', 'diesel')",102.04769020882713
opex_costs,"(3, 59, 'Feedstock', 'TPC')",58.124958239480534
opex_costs,"(3, 60, 'Feedstock', 'heat')",0.0
opex_costs,"(3, 60, 'Feedstock', 'electricity')",0.0
opex_costs,"(3, 60, 'Feedstock', 'disposal')",0.0
opex_costs,"(3, 60, 'Feedstock', 'transportation')",4209.456856934169
opex_costs,"(3, 60, 'Feedstock', 'water')",0.0
opex_costs,"(3, 60, 'Feedstock', 'labor')",0.0
opex_costs,"(3, 60, 'Feedstock', 'diesel')",101.47394178891948
opex_costs,"(3, 60, 'Feedstock', 'TPC')",57.79815904511507
opex_costs,"(3, 61, 'Feedstock', 'heat')",0.0
opex_costs,"(3, 61, 'Feedstock', 'electricity')",0.0
opex_costs,"(3, 61, 'Feedstock', 'disposal')",0.0
opex_costs,"(3, 61, 'Feedstock', 'transportation')",4185.789792884086
opex_costs,"(3, 61, 'Feedstock', 'water')",0.0
opex_costs,"(3, 61, 'Feedstock', 'labor')",0.0
opex_costs,"(3, 61, 'Feedstock', 'diesel')",100.90341918675128
opex_costs,"(3, 61, 'Feedstock', 'TPC')",57.47319723208585
opex_costs,"(3, 62, 'Feedstock', 'heat')",0.0
opex_costs,"(3, 62, 'Feedstock', 'electricity')",0.0
opex_costs,"(3, 62, 'Feedstock', 'disposal')",0.0
opex_costs,"(3, 62, 'Feedstock', 'transportation')",4162.255793488133
opex_costs,"(3, 62, 'Feedstock', 'water')",0.0
opex_costs,"(3, 62, 'Feedstock', 'labor')",0.0
opex_costs,"(3, 62, 'Feedstock', 'diesel')",100.33610426562757
opex_costs,"(3, 62, 'Feedstock', 'TPC')",57.15006246998127
opex_costs,"(3, 63, 'Feedstock', 'heat')",0.0
opex_costs,"(3, 63, 'Feedstock', 'electricity')",0.0
opex_costs,"(3, 63, 'Feedstock', 'disposal')",0.0
opex_costs,"(3, 63, 'Feedstock', 'transportation')",4138.854110609487
opex_costs,"(3, 63, 'Feedstock', 'water')",0.0
opex_costs,"(3, 63, 'Feedstock', 'labor')",0.0
opex_costs,"(3, 63, 'Feedstock', 'diesel')",99.77197899082431
opex_costs,"(3, 63, 'Feedstock', 'TPC')",56.82874448647107
opex_costs,"(3, 64, 'Feedstock', 'heat')",0.0
opex_costs,"(3, 64, 'Feedstock', 'electricity')",0.0
opex_costs,"(3, 64, 'Feedstock', 'disposal')",0.0
opex_costs,"(3, 64, 'Feedstock', 'transportation')",4115.584000317613
opex_costs,"(3, 64, 'Feedstock', 'water')",0.0
opex_costs,"(3, 64, 'Feedstock', 'labor')",0.0
opex_costs,"(3, 64, 'Feedstock', 'diesel')",99.2110254290151
opex_costs,"(3, 64, 'Feedstock', 'TPC')",56.5092330669796
opex_costs,"(3, 65, 'Feedstock', 'heat')",0.0
opex_costs,"(3, 65, 'Feedstock', 'electricity')",0.0
opex_costs,"(3, 65, 'Feedstock', 'disposal')",0.0
opex_costs,"(3, 65, 'Feedstock', 'transportation')",53201.78139724
opex_costs,"(3, 65, 'Feedstock', 'water')",0.0
opex_costs,"(3, 65, 'Feedstock', 'labor')",0.0
opex_costs,"(3, 65, 'Feedstock', 'diesel')",1282.4919347201137
opex_costs,"(3, 65, 'Feedstock', 'TPC')",56.19151805436123
opex_costs,"(3, 66, 'Feedstock', 'heat')",0.0
opex_costs,"(3, 66, 'Feedstock', 'electricity')",0.0
opex_costs,"(3, 66, 'Feedstock', 'disposal')",0.0
opex_costs,"(3, 66, 'Feedstock', 'transportation')",4069.4355426617326
opex_costs,"(3, 66, 'Feedstock', 'water')",0.0
opex_costs,"(3, 66, 'Feedstock', 'labor')",0.0
opex_costs,"(3, 66, 'Feedstock', 'diesel')",98.09856221464406
opex_costs,"(3, 66, 'Feedstock', 'TPC')",55.875589348577414
opex_costs,"(3, 67, 'Feedstock', 'heat')",0.0
opex_costs,"(3, 67, 'Feedstock', 'electricity')",0.0
opex_costs,"(3, 67, 'Feedstock', 'disposal')",0.0
opex_costs,"(3, 67, 'Feedstock', 'transportation')",4046.5557282559357
opex_costs,"(3, 67, 'Feedstock', 'water')",0.0
opex_costs,"(3, 67, 'Feedstock', 'labor')",0.0
opex_costs,"(3, 67, 'Feedstock', 'diesel')",97.54701719730278
opex_costs,"(3, 67, 'Feedstock', 'TPC')",55.56143690637562
opex_costs,"(3, 68, 'Feedstock', 'heat')",0.0
opex_costs,"(3, 68, 'Feedstock', 'electricity')",0.0
opex_costs,"(3, 68, 'Feedstock', 'disposal')",0.0
opex_costs,"(3, 68, 'Feedstock', 'transportation')",4023.8045523066908
opex_costs,"(3, 68, 'Feedstock', 'water')",0.0
opex_costs,"(3, 68, 'Feedstock', 'labor')",0.0
opex_costs,"(3, 68, 'Feedstock', 'diesel')",96.99857316227242
opex_costs,"(3, 68, 'Feedstock', 'TPC')",55.24905074097005
opex_costs,"(3, 69, 'Feedstock', 'heat')",0.0
opex_costs,"(3, 69, 'Feedstock', 'electricity')",0.0
opex_costs,"(3, 69, 'Feedstock', 'disposal')",0.0
opex_costs,"(3, 69, 'Feedstock', 'transportation')",4001.1812915628284
opex_costs,"(3, 69, 'Feedstock', 'water')",0.0
opex_costs,"(3, 69, 'Feedstock', 'labor')",0.0
opex_costs,"(3, 69, 'Feedstock', 'diesel')",96.45321267472721
opex_costs,"(3, 69, 'Feedstock', 'TPC')",54.93842092172415
opex_costs,"(3, 70, 'Feedstock', 'heat')",0.0
opex_costs,"(3, 70, 'Feedstock', 'electricity')",0.0
opex_costs,"(3, 70, 'Feedstock', 'disposal')",0.0
opex_costs,"(3, 70, 'Feedstock', 'transportation')",3978.6852268395555
opex_costs,"(3, 70, 'Feedstock', 'water')",0.0
opex_costs,"(3, 70, 'Feedstock', 'labor')",0.0
opex_costs,"(3, 70, 'Feedstock', 'diesel')",95.9109183978661
opex_costs,"(3, 70, 'Feedstock', 'TPC')",54.629537573834966
opex_costs,"(3, 71, 'Feedstock', 'heat')",0.0
opex_costs,"(3, 71, 'Feedstock', 'electricity')",0.0
opex_costs,"(3, 71, 'Feedstock', 'disposal')",0.0
opex_costs,"(3, 71, 'Feedstock', 'transportation')",3956.315642995593
opex_costs,"(3, 71, 'Feedstock', 'water')",0.0
opex_costs,"(3, 71, 'Feedstock', 'labor')",0.0
opex_costs,"(3, 71, 'Feedstock', 'diesel')",95.3716730923618
opex_costs,"(3, 71, 'Feedstock', 'TPC')",54.32239087801919
opex_costs,"(3, 72, 'Feedstock', 'heat')",0.0
opex_costs,"(3, 72, 'Feedstock', 'electricity')",0.0
opex_costs,"(3, 72, 'Feedstock', 'disposal')",0.0
opex_costs,"(3, 72, 'Feedstock', 'transportation')",3934.0718289104384
opex_costs,"(3, 72, 'Feedstock', 'water')",0.0
opex_costs,"(3, 72, 'Feedstock', 'labor')",0.0
opex_costs,"(3, 72, 'Feedstock', 'diesel')",94.8354596158126
opex_costs,"(3, 72, 'Feedstock', 'TPC')",54.01697107020101
opex_costs,"(3, 73, 'Feedstock', 'heat')",0.0
opex_costs,"(3, 73, 'Feedstock', 'electricity')",0.0
opex_costs,"(3, 73, 'Feedstock', 'disposal')",0.0
opex_costs,"(3, 73, 'Feedstock', 'transportation')",3911.9530774617615
opex_costs,"(3, 73, 'Feedstock', 'water')",0.0
opex_costs,"(3, 73, 'Feedstock', 'labor')",0.0
opex_costs,"(3, 73, 'Feedstock', 'diesel')",94.30226092219746
opex_costs,"(3, 73, 'Feedstock', 'TPC')",53.71326844120173
opex_costs,"(3, 74, 'Feedstock', 'heat')",0.0
opex_costs,"(3, 74, 'Feedstock', 'electricity')",0.0
opex_costs,"(3, 74, 'Feedstock', 'disposal')",0.0
opex_costs,"(3, 74, 'Feedstock', 'transportation')",3889.958685502929
opex_costs,"(3, 74, 'Feedstock', 'water')",0.0
opex_costs,"(3, 74, 'Feedstock', 'labor')",0.0
opex_costs,"(3, 74, 'Feedstock', 'diesel')",93.77206006133417
opex_costs,"(3, 74, 'Feedstock', 'TPC')",53.4112733364311
opex_costs,"(3, 75, 'Feedstock', 'heat')",0.0
opex_costs,"(3, 75, 'Feedstock', 'electricity')",0.0
opex_costs,"(3, 75, 'Feedstock', 'disposal')",0.0
opex_costs,"(3, 75, 'Feedstock', 'transportation')",3868.087953840643
opex_costs,"(3, 75, 'Feedstock', 'water')",0.0
opex_costs,"(3, 75, 'Feedstock', 'labor')",0.0
opex_costs,"(3, 75, 'Feedstock', 'diesel')",93.24484017834048
opex_costs,"(3, 75, 'Feedstock', 'TPC')",53.11097615558044
opex_costs,"(3, 76, 'Feedstock', 'heat')",0.0
opex_costs,"(3, 76, 'Feedstock', 'electricity')",0.0
opex_costs,"(3, 76, 'Feedstock', 'disposal')",0.0
opex_costs,"(3, 76, 'Feedstock', 'transportation')",3846.340187212722
opex_costs,"(3, 76, 'Feedstock', 'water')",0.0
opex_costs,"(3, 76, 'Feedstock', 'labor')",0.0
opex_costs,"(3, 76, 'Feedstock', 'diesel')",92.72058451309822
opex_costs,"(3, 76, 'Feedstock', 'TPC')",52.812367352317374
opex_costs,"(3, 77, 'Feedstock', 'heat')",0.0
opex_costs,"(3, 77, 'Feedstock', 'electricity')",0.0
opex_costs,"(3, 77, 'Feedstock', 'disposal')",0.0
opex_costs,"(3, 77, 'Feedstock', 'transportation')",49721.29102545795
opex_costs,"(3, 77, 'Feedstock', 'water')",0.0
opex_costs,"(3, 77, 'Feedstock', 'labor')",0.0
opex_costs,"(3, 77, 'Feedstock', 'diesel')",1198.590593196368
opex_costs,"(3, 77, 'Feedstock', 'TPC')",52.51543743398245
opex_costs,"(3, 78, 'Feedstock', 'heat')",0.0
opex_costs,"(3, 78, 'Feedstock', 'electricity')",0.0
opex_costs,"(3, 78, 'Feedstock', 'disposal')",0.0
opex_costs,"(3, 78, 'Feedstock', 'transportation')",3803.21078753433
opex_costs,"(3, 78, 'Feedstock', 'water')",0.0
opex_costs,"(3, 78, 'Feedstock', 'labor')",0.0
opex_costs,"(3, 78, 'Feedstock', 'diesel')",91.6808992660225
opex_costs,"(3, 78, 'Feedstock', 'TPC')",52.22017696128731
opex_costs,"(3, 79, 'Feedstock', 'heat')",0.0
opex_costs,"(3, 79, 'Feedstock', 'electricity')",0.0
opex_costs,"(3, 79, 'Feedstock', 'disposal')",0.0
opex_costs,"(3, 79, 'Feedstock', 'transportation')",3781.8277834167625
opex_costs,"(3, 79, 'Feedstock', 'water')",0.0
opex_costs,"(3, 79, 'Feedstock', 'labor')",0.0
opex_costs,"(3, 79, 'Feedstock', 'diesel')",91.16543663299325
opex_costs,"(3, 79, 'Feedstock', 'TPC')",51.9265765480146
opex_costs,"(3, 80, 'Feedstock', 'heat')",0.0
opex_costs,"(3, 80, 'Feedstock', 'electricity')",0.0
opex_costs,"(3, 80, 'Feedstock', 'disposal')",0.0
opex_costs,"(3, 80, 'Feedstock', 'transportation')",3760.565002155786
opex_costs,"(3, 80, 'Feedstock', 'water')",0.0
opex_costs,"(3, 80, 'Feedstock', 'labor')",0.0
opex_costs,"(3, 80, 'Feedstock', 'diesel')",90.65287211427331
opex_costs,"(3, 80, 'Feedstock', 'TPC')",51.63462686071967
opex_costs,"(3, 81, 'Feedstock', 'heat')",0.0
opex_costs,"(3, 81, 'Feedstock', 'electricity')",0.0
opex_costs,"(3, 81, 'Feedstock', 'disposal')",0.0
opex_costs,"(3, 81, 'Feedstock', 'transportation')",3739.4217678157274
opex_costs,"(3, 81, 'Feedstock', 'water')",0.0
opex_costs,"(3, 81, 'Feedstock', 'labor')",0.0
opex_costs,"(3, 81, 'Feedstock', 'diesel')",90.1431894156329
opex_costs,"(3, 81, 'Feedstock', 'TPC')",51.34431861843378
opex_costs,"(3, 82, 'Feedstock', 'heat')",0.0
opex_costs,"(3, 82, 'Feedstock', 'electricity')",0.0
opex_costs,"(3, 82, 'Feedstock', 'disposal')",0.0
opex_costs,"(3, 82, 'Feedstock', 'transportation')",3718.3974082612676
opex_costs,"(3, 82, 'Feedstock', 'water')",0.0
opex_costs,"(3, 82, 'Feedstock', 'labor')",0.0
opex_costs,"(3, 82, 'Feedstock', 'diesel')",89.6363723344543
opex_costs,"(3, 82, 'Feedstock', 'TPC')",51.055642592369125
opex_costs,"(3, 83, 'Feedstock', 'heat')",0.0
opex_costs,"(3, 83, 'Feedstock', 'electricity')",0.0
opex_costs,"(3, 83, 'Feedstock', 'disposal')",0.0
opex_costs,"(3, 83, 'Feedstock', 'transportation')",3697.491255136068
opex_costs,"(3, 83, 'Feedstock', 'water')",0.0
opex_costs,"(3, 83, 'Feedstock', 'labor')",0.0
opex_costs,"(3, 83, 'Feedstock', 'diesel')",89.13240475921664
opex_costs,"(3, 83, 'Feedstock', 'TPC')",50.76858960562541
opex_costs,"(3, 84, 'Feedstock', 'heat')",0.0
opex_costs,"(3, 84, 'Feedstock', 'electricity')",0.0
opex_costs,"(3, 84, 'Feedstock', 'disposal')",0.0
opex_costs,"(3, 84, 'Feedstock', 'transportation')",3676.702643841532
opex_costs,"(3, 84, 'Feedstock', 'water')",0.0
opex_costs,"(3, 84, 'Feedstock', 'labor')",0.0
opex_costs,"(3, 84, 'Feedstock', 'diesel')",88.63127066898375
opex_costs,"(3, 84, 'Feedstock', 'TPC')",50.483150532898144
opex_costs,"(3, 85, 'Feedstock', 'heat')",0.0
opex_costs,"(3, 85, 'Feedstock', 'electricity')",0.0
opex_costs,"(3, 85, 'Feedstock', 'disposal')",0.0
opex_costs,"(3, 85, 'Feedstock', 'transportation')",3656.0309135156654
opex_costs,"(3, 85, 'Feedstock', 'water')",0.0
opex_costs,"(3, 85, 'Feedstock', 'labor')",0.0
opex_costs,"(3, 85, 'Feedstock', 'diesel')",88.13295413289484
opex_costs,"(3, 85, 'Feedstock', 'TPC')",50.19931630018853
opex_costs,"(3, 86, 'Feedstock', 'heat')",0.0
opex_costs,"(3, 86, 'Feedstock', 'electricity')",0.0
opex_costs,"(3, 86, 'Feedstock', 'disposal')",0.0
opex_costs,"(3, 86, 'Feedstock', 'transportation')",3635.4754070120825
opex_costs,"(3, 86, 'Feedstock', 'water')",0.0
opex_costs,"(3, 86, 'Feedstock', 'labor')",0.0
opex_costs,"(3, 86, 'Feedstock', 'diesel')",87.63743930965812
opex_costs,"(3, 86, 'Feedstock', 'TPC')",49.917077884515045
opex_costs,"(3, 87, 'Feedstock', 'heat')",0.0
opex_costs,"(3, 87, 'Feedstock', 'electricity')",0.0
opex_costs,"(3, 87, 'Feedstock', 'disposal')",0.0
opex_costs,"(3, 87, 'Feedstock', 'transportation')",3615.0354708791056
opex_costs,"(3, 87, 'Feedstock', 'water')",0.0
opex_costs,"(3, 87, 'Feedstock', 'labor')",0.0
opex_costs,"(3, 87, 'Feedstock', 'diesel')",87.14471044704717
opex_costs,"(3, 87, 'Feedstock', 'TPC')",49.63642631362658
opex_costs,"(3, 88, 'Feedstock', 'heat')",0.0
opex_costs,"(3, 88, 'Feedstock', 'electricity')",0.0
opex_costs,"(3, 88, 'Feedstock', 'disposal')",0.0
opex_costs,"(3, 88, 'Feedstock', 'transportation')",3594.7104553389927
opex_costs,"(3, 88, 'Feedstock', 'water')",0.0
opex_costs,"(3, 88, 'Feedstock', 'labor')",0.0
opex_costs,"(3, 88, 'Feedstock', 'diesel')",86.65475188140022
opex_costs,"(3, 88, 'Feedstock', 'TPC')",49.35735266571718
opex_costs,"(3, 89, 'Feedstock', 'heat')",0.0
opex_costs,"(3, 89, 'Feedstock', 'electricity')",0.0
opex_costs,"(3, 89, 'Feedstock', 'disposal')",0.0
opex_costs,"(3, 89, 'Feedstock', 'transportation')",46468.49628547473
opex_costs,"(3, 89, 'Feedstock', 'water')",0.0
opex_costs,"(3, 89, 'Feedstock', 'labor')",0.0
opex_costs,"(3, 89, 'Feedstock', 'diesel')",1120.178124482587
opex_costs,"(3, 89, 'Feedstock', 'TPC')",49.07984806914248
opex_costs,"(3, 90, 'Feedstock', 'heat')",0.0
opex_costs,"(3, 90, 'Feedstock', 'electricity')",0.0
opex_costs,"(3, 90, 'Feedstock', 'disposal')",0.0
opex_costs,"(3, 90, 'Feedstock', 'transportation')",3554.402605172271
opex_costs,"(3, 90, 'Feedstock', 'water')",0.0
opex_costs,"(3, 90, 'Feedstock', 'labor')",0.0
opex_costs,"(3, 90, 'Feedstock', 'diesel')",85.68308342618924
opex_costs,"(3, 90, 'Feedstock', 'TPC')",48.80390370213767
opex_costs,"(3, 91, 'Feedstock', 'heat')",0.0
opex_costs,"(3, 91, 'Feedstock', 'electricity')",0.0
opex_costs,"(3, 91, 'Feedstock', 'disposal')",0.0
opex_costs,"(3, 91, 'Feedstock', 'transportation')",3534.4184891745444
opex_costs,"(3, 91, 'Feedstock', 'water')",0.0
opex_costs,"(3, 91, 'Feedstock', 'labor')",0.0
opex_costs,"(3, 91, 'Feedstock', 'diesel')",85.20134264765726
opex_costs,"(3, 91, 'Feedstock', 'TPC')",48.52951079253701
opex_costs,"(3, 92, 'Feedstock', 'heat')",0.0
opex_costs,"(3, 92, 'Feedstock', 'electricity')",0.0
opex_costs,"(3, 92, 'Feedstock', 'disposal')",0.0
opex_costs,"(3, 92, 'Feedstock', 'transportation')",3514.5467309867154
opex_costs,"(3, 92, 'Feedstock', 'water')",0.0
opex_costs,"(3, 92, 'Feedstock', 'labor')",0.0
opex_costs,"(3, 92, 'Feedstock', 'diesel')",84.72231038717132
opex_costs,"(3, 92, 'Feedstock', 'TPC')",48.25666061749503
opex_costs,"(3, 93, 'Feedstock', 'heat')",0.0
opex_costs,"(3, 93, 'Feedstock', 'electricity')",0.0
opex_costs,"(3, 93, 'Feedstock', 'disposal')",0.0
opex_costs,"(3, 93, 'Feedstock', 'transportation')",3494.7866988932037
opex_costs,"(3, 93, 'Feedstock', 'water')",0.0
opex_costs,"(3, 93, 'Feedstock', 'labor')",0.0
opex_costs,"(3, 93, 'Feedstock', 'diesel')",84.24597141647935
opex_costs,"(3, 93, 'Feedstock', 'TPC')",47.98534450320915
opex_costs,"(3, 94, 'Feedstock', 'heat')",0.0
opex_costs,"(3, 94, 'Feedstock', 'electricity')",0.0
opex_costs,"(3, 94, 'Feedstock', 'disposal')",0.0
opex_costs,"(3, 94, 'Feedstock', 'transportation')",3475.1377647301565
opex_costs,"(3, 94, 'Feedstock', 'water')",0.0
opex_costs,"(3, 94, 'Feedstock', 'labor')",0.0
opex_costs,"(3, 94, 'Feedstock', 'diesel')",83.77231059294795
opex_costs,"(3, 94, 'Feedstock', 'TPC')",47.71555382464405
opex_costs,"(3, 95, 'Feedstock', 'heat')",0.0
opex_costs,"(3, 95, 'Feedstock', 'electricity')",0.0
opex_costs,"(3, 95, 'Feedstock', 'disposal')",0.0
opex_costs,"(3, 95, 'Feedstock', 'transportation')",3455.599303865484
opex_costs,"(3, 95, 'Feedstock', 'water')",0.0
opex_costs,"(3, 95, 'Feedstock', 'labor')",0.0
opex_costs,"(3, 95, 'Feedstock', 'diesel')",83.30131285908097
opex_costs,"(3, 95, 'Feedstock', 'TPC')",47.4472800052574
opex_costs,"(3, 96, 'Feedstock', 'heat')",0.0
opex_costs,"(3, 96, 'Feedstock', 'electricity')",0.0
opex_costs,"(3, 96, 'Feedstock', 'disposal')",0.0
opex_costs,"(3, 96, 'Feedstock', 'transportation')",3436.170695179001
opex_costs,"(3, 96, 'Feedstock', 'water')",0.0
opex_costs,"(3, 96, 'Feedstock', 'labor')",0.0
opex_costs,"(3, 96, 'Feedstock', 'diesel')",82.83296324204088
opex_costs,"(3, 96, 'Feedstock', 'TPC')",47.180514516727236
opex_costs,"(3, 97, 'Feedstock', 'heat')",0.0
opex_costs,"(3, 97, 'Feedstock', 'electricity')",0.0
opex_costs,"(3, 97, 'Feedstock', 'disposal')",0.0
opex_costs,"(3, 97, 'Feedstock', 'transportation')",3416.851321042678
opex_costs,"(3, 97, 'Feedstock', 'water')",0.0
opex_costs,"(3, 97, 'Feedstock', 'labor')",0.0
opex_costs,"(3, 97, 'Feedstock', 'diesel')",82.36724685317274
opex_costs,"(3, 97, 'Feedstock', 'TPC')",46.91524887868087
opex_costs,"(3, 98, 'Feedstock', 'heat')",0.0
opex_costs,"(3, 98, 'Feedstock', 'electricity')",0.0
opex_costs,"(3, 98, 'Feedstock', 'disposal')",0.0
opex_costs,"(3, 98, 'Feedstock', 'transportation')",3397.640567301012
opex_costs,"(3, 98, 'Feedstock', 'water')",0.0
opex_costs,"(3, 98, 'Feedstock', 'labor')",0.0
opex_costs,"(3, 98, 'Feedstock', 'diesel')",81.90414888753095
opex_costs,"(3, 98, 'Feedstock', 'TPC')",46.651474658425286
opex_costs,"(3, 99, 'Feedstock', 'heat')",0.0
opex_costs,"(3, 99, 'Feedstock', 'electricity')",0.0
opex_costs,"(3, 99, 'Feedstock', 'disposal')",0.0
opex_costs,"(3, 99, 'Feedstock', 'transportation')",3378.5378232515004
opex_costs,"(3, 99, 'Feedstock', 'water')",0.0
opex_costs,"(3, 99, 'Feedstock', 'labor')",0.0
opex_costs,"(3, 99, 'Feedstock', 'diesel')",81.44365462340858
opex_costs,"(3, 99, 'Feedstock', 'TPC')",46.38918347067904
opex_costs,"(3, 100, 'Feedstock', 'heat')",0.0
opex_costs,"(3, 100, 'Feedstock', 'electricity')",0.0
opex_costs,"(3, 100, 'Feedstock', 'disposal')",0.0
opex_costs,"(3, 100, 'Feedstock', 'transportation')",3359.542481625227
opex_costs,"(3, 100, 'Feedstock', 'water')",0.0
opex_costs,"(3, 100, 'Feedstock', 'labor')",0.0
opex_costs,"(3, 100, 'Feedstock', 'diesel')",80.98574942186936
opex_costs,"(3, 100, 'Feedstock', 'TPC')",46.12836697730578
opex_costs,"(3, 101, 'Feedstock', 'heat')",0.0
opex_costs,"(3, 101, 'Feedstock', 'electricity')",0.0
opex_costs,"(3, 101, 'Feedstock', 'disposal')",0.0
opex_costs,"(3, 101, 'Feedstock', 'transportation')",43428.50120137825
opex_costs,"(3, 101, 'Feedstock', 'water')",0.0
opex_costs,"(3, 101, 'Feedstock', 'labor')",0.0
opex_costs,"(3, 101, 'Feedstock', 'diesel')",1046.89544344167
opex_costs,"(3, 101, 'Feedstock', 'TPC')",45.86901688704905
opex_costs,"(3, 102, 'Feedstock', 'heat')",0.0
opex_costs,"(3, 102, 'Feedstock', 'electricity')",0.0
opex_costs,"(3, 102, 'Feedstock', 'disposal')",0.0
opex_costs,"(3, 102, 'Feedstock', 'transportation')",3321.871593618944
opex_costs,"(3, 102, 'Feedstock', 'water')",0.0
opex_costs,"(3, 102, 'Feedstock', 'labor')",0.0
opex_costs,"(3, 102, 'Feedstock', 'diesel')",80.07764806185912
opex_costs,"(3, 102, 'Feedstock', 'TPC')",45.61112495526885
opex_costs,"(3, 103, 'Feedstock', 'heat')",0.0
opex_costs,"(3, 103, 'Feedstock', 'electricity')",0.0
opex_costs,"(3, 103, 'Feedstock', 'disposal')",0.0
opex_costs,"(3, 103, 'Feedstock', 'transportation')",3303.194849695836
opex_costs,"(3, 103, 'Feedstock', 'water')",0.0
opex_costs,"(3, 103, 'Feedstock', 'labor')",0.0
opex_costs,"(3, 103, 'Feedstock', 'diesel')",79.6274230351937
opex_costs,"(3, 103, 'Feedstock', 'TPC')",45.354682983679446
opex_costs,"(3, 104, 'Feedstock', 'heat')",0.0
opex_costs,"(3, 104, 'Feedstock', 'electricity')",0.0
opex_costs,"(3, 104, 'Feedstock', 'disposal')",0.0
opex_costs,"(3, 104, 'Feedstock', 'transportation')",3284.623113071697
opex_costs,"(3, 104, 'Feedstock', 'water')",0.0
opex_costs,"(3, 104, 'Feedstock', 'labor')",0.0
opex_costs,"(3, 104, 'Feedstock', 'diesel')",79.17972933380496
opex_costs,"(3, 104, 'Feedstock', 'TPC')",45.0996828200888
opex_costs,"(3, 105, 'Feedstock', 'heat')",0.0
opex_costs,"(3, 105, 'Feedstock', 'electricity')",0.0
opex_costs,"(3, 105, 'Feedstock', 'disposal')",0.0
opex_costs,"(3, 105, 'Feedstock', 'transportation')",3266.155793358134
opex_costs,"(3, 105, 'Feedstock', 'water')",0.0
opex_costs,"(3, 105, 'Feedstock', 'labor')",0.0
opex_costs,"(3, 105, 'Feedstock', 'diesel')",78.73455272568164
opex_costs,"(3, 105, 'Feedstock', 'TPC')",44.8461163581394
opex_costs,"(3, 106, 'Feedstock', 'heat')",0.0
opex_costs,"(3, 106, 'Feedstock', 'electricity')",0.0
opex_costs,"(3, 106, 'Feedstock', 'disposal')",0.0
opex_costs,"(3, 106, 'Feedstock', 'transportation')",3247.7923034861274
opex_costs,"(3, 106, 'Feedstock', 'water')",0.0
opex_costs,"(3, 106, 'Feedstock', 'labor')",0.0
opex_costs,"(3, 106, 'Feedstock', 'diesel')",78.29187905882986
opex_costs,"(3, 106, 'Feedstock', 'TPC')",44.59397553705051
opex_costs,"(3, 107, 'Feedstock', 'heat')",0.0
opex_costs,"(3, 107, 'Feedstock', 'electricity')",0.0
opex_costs,"(3, 107, 'Feedstock', 'disposal')",0.0
opex_costs,"(3, 107, 'Feedstock', 'transportation')",3229.532059687369
opex_costs,"(3, 107, 'Feedstock', 'water')",0.0
opex_costs,"(3, 107, 'Feedstock', 'labor')",0.0
opex_costs,"(3, 107, 'Feedstock', 'diesel')",77.85169426082335
opex_costs,"(3, 107, 'Feedstock', 'TPC')",44.34325234136205
opex_costs,"(3, 108, 'Feedstock', 'heat')",0.0
opex_costs,"(3, 108, 'Feedstock', 'electricity')",0.0
opex_costs,"(3, 108, 'Feedstock', 'disposal')",0.0
opex_costs,"(3, 108, 'Feedstock', 'transportation')",3211.3744814757024
opex_costs,"(3, 108, 'Feedstock', 'water')",0.0
opex_costs,"(3, 108, 'Feedstock', 'labor')",0.0
opex_costs,"(3, 108, 'Feedstock', 'diesel')",77.41398433835597
opex_costs,"(3, 108, 'Feedstock', 'TPC')",44.09393880067966
opex_costs,"(3, 109, 'Feedstock', 'heat')",0.0
opex_costs,"(3, 109, 'Feedstock', 'electricity')",0.0
opex_costs,"(3, 109, 'Feedstock', 'disposal')",0.0
opex_costs,"(3, 109, 'Feedstock', 'transportation')",3193.318991628671
opex_costs,"(3, 109, 'Feedstock', 'water')",0.0
opex_costs,"(3, 109, 'Feedstock', 'labor')",0.0
opex_costs,"(3, 109, 'Feedstock', 'diesel')",76.97873537679696
opex_costs,"(3, 109, 'Feedstock', 'TPC')",43.846026989421375
opex_costs,"(3, 110, 'Feedstock', 'heat')",0.0
opex_costs,"(3, 110, 'Feedstock', 'electricity')",0.0
opex_costs,"(3, 110, 'Feedstock', 'disposal')",0.0
opex_costs,"(3, 110, 'Feedstock', 'transportation')",3175.36501616917
opex_costs,"(3, 110, 'Feedstock', 'water')",0.0
opex_costs,"(3, 110, 'Feedstock', 'labor')",0.0
opex_costs,"(3, 110, 'Feedstock', 'diesel')",76.54593353974856
opex_costs,"(3, 110, 'Feedstock', 'TPC')",43.599509026565684
opex_costs,"(3, 111, 'Feedstock', 'heat')",0.0
opex_costs,"(3, 111, 'Feedstock', 'electricity')",0.0
opex_costs,"(3, 111, 'Feedstock', 'disposal')",0.0
opex_costs,"(3, 111, 'Feedstock', 'transportation')",3157.5119843471966
opex_costs,"(3, 111, 'Feedstock', 'water')",0.0
opex_costs,"(3, 111, 'Feedstock', 'labor')",0.0
opex_costs,"(3, 111, 'Feedstock', 'diesel')",76.11556506860614
opex_costs,"(3, 111, 'Feedstock', 'TPC')",43.35437707540098
opex_costs,"(3, 112, 'Feedstock', 'heat')",0.0
opex_costs,"(3, 112, 'Feedstock', 'electricity')",0.0
opex_costs,"(3, 112, 'Feedstock', 'disposal')",0.0
opex_costs,"(3, 112, 'Feedstock', 'transportation')",3139.7593286217075
opex_costs,"(3, 112, 'Feedstock', 'water')",0.0
opex_costs,"(3, 112, 'Feedstock', 'labor')",0.0
opex_costs,"(3, 112, 'Feedstock', 'diesel')",75.6876162821209
opex_costs,"(3, 112, 'Feedstock', 'TPC')",43.11062334327643
opex_costs,"(3, 113, 'Feedstock', 'heat')",0.0
opex_costs,"(3, 113, 'Feedstock', 'electricity')",0.0
opex_costs,"(3, 113, 'Feedstock', 'disposal')",0.0
opex_costs,"(3, 113, 'Feedstock', 'transportation')",40587.3843003535
opex_costs,"(3, 113, 'Feedstock', 'water')",0.0
opex_costs,"(3, 113, 'Feedstock', 'labor')",0.0
opex_costs,"(3, 113, 'Feedstock', 'diesel')",978.4069564875423
opex_costs,"(3, 113, 'Feedstock', 'TPC')",42.86824008135425
opex_costs,"(3, 114, 'Feedstock', 'heat')",0.0
opex_costs,"(3, 114, 'Feedstock', 'electricity')",0.0
opex_costs,"(3, 114, 'Feedstock', 'disposal')",0.0
opex_costs,"(3, 114, 'Feedstock', 'transportation')",3104.5528912326586
opex_costs,"(3, 114, 'Feedstock', 'water')",0.0
opex_costs,"(3, 114, 'Feedstock', 'labor')",0.0
opex_costs,"(3, 114, 'Feedstock', 'diesel')",74.83892342229825
opex_costs,"(3, 114, 'Feedstock', 'TPC')",42.62721958436342
opex_costs,"(3, 115, 'Feedstock', 'heat')",0.0
opex_costs,"(3, 115, 'Feedstock', 'electricity')",0.0
opex_costs,"(3, 115, 'Feedstock', 'disposal')",0.0
opex_costs,"(3, 115, 'Feedstock', 'transportation')",3087.0979903699404
opex_costs,"(3, 115, 'Feedstock', 'water')",0.0
opex_costs,"(3, 115, 'Feedstock', 'labor')",0.0
opex_costs,"(3, 115, 'Feedstock', 'diesel')",74.41815236933992
opex_costs,"(3, 115, 'Feedstock', 'TPC')",42.38755419035463
opex_costs,"(3, 116, 'Feedstock', 'heat')",0.0
opex_costs,"(3, 116, 'Feedstock', 'electricity')",0.0
opex_costs,"(3, 116, 'Feedstock', 'disposal')",0.0
opex_costs,"(3, 116, 'Feedstock', 'transportation')",3069.7412271698104
opex_costs,"(3, 116, 'Feedstock', 'water')",0.0
opex_costs,"(3, 116, 'Feedstock', 'labor')",0.0
opex_costs,"(3, 116, 'Feedstock', 'diesel')",73.99974704093923
opex_costs,"(3, 116, 'Feedstock', 'TPC')",42.14923628045683
opex_costs,"(3, 117, 'Feedstock', 'heat')",0.0
opex_costs,"(3, 117, 'Feedstock', 'electricity')",0.0
opex_costs,"(3, 117, 'Feedstock', 'disposal')",0.0
opex_costs,"(3, 117, 'Feedstock', 'transportation')",3052.4820498674153
opex_costs,"(3, 117, 'Feedstock', 'water')",0.0
opex_costs,"(3, 117, 'Feedstock', 'labor')",0.0
opex_costs,"(3, 117, 'Feedstock', 'diesel')",73.58369413615107
opex_costs,"(3, 117, 'Feedstock', 'TPC')",41.91225827863495
opex_costs,"(3, 118, 'Feedstock', 'heat')",0.0
opex_costs,"(3, 118, 'Feedstock', 'electricity')",0.0
opex_costs,"(3, 118, 'Feedstock', 'disposal')",0.0
opex_costs,"(3, 118, 'Feedstock', 'transportation')",3035.319909800119
opex_costs,"(3, 118, 'Feedstock', 'water')",0.0
opex_costs,"(3, 118, 'Feedstock', 'labor')",0.0
opex_costs,"(3, 118, 'Feedstock', 'diesel')",73.16998042881296
opex_costs,"(3, 118, 'Feedstock', 'TPC')",41.67661265144908
opex_costs,"(3, 119, 'Feedstock', 'heat')",0.0
opex_costs,"(3, 119, 'Feedstock', 'electricity')",0.0
opex_costs,"(3, 119, 'Feedstock', 'disposal')",0.0
opex_costs,"(3, 119, 'Feedstock', 'transportation')",3018.254261390064
opex_costs,"(3, 119, 'Feedstock', 'water')",0.0
opex_costs,"(3, 119, 'Feedstock', 'labor')",0.0
opex_costs,"(3, 119, 'Feedstock', 'diesel')",72.75859276712463
opex_costs,"(3, 119, 'Feedstock', 'TPC')",41.442291907815004
Variable,opex_revenues
opex_revenues,"(3, 0, 'Feedstock', 'avoided fertilizer')",0.0
opex_revenues,"(3, 0, 'Feedstock', 'bio oil')",0.0
opex_revenues,"(3, 0, 'Feedstock', 'avoided coal')",0.0
opex_revenues,"(3, 0, 'Feedstock', 'electricity')",0.0
opex_revenues,"(3, 1, 'Feedstock', 'avoided fertilizer')",0.0
opex_revenues,"(3, 1, 'Feedstock', 'bio oil')",0.0
opex_revenues,"(3, 1, 'Feedstock', 'avoided coal')",0.0
opex_revenues,"(3, 1, 'Feedstock', 'electricity')",0.0
opex_revenues,"(3, 2, 'Feedstock', 'avoided fertilizer')",0.0
opex_revenues,"(3, 2, 'Feedstock', 'bio oil')",0.0
opex_revenues,"(3, 2, 'Feedstock', 'avoided coal')",0.0
opex_revenues,"(3, 2, 'Feedstock', 'electricity')",0.0
opex_revenues,"(3, 3, 'Feedstock', 'avoided fertilizer')",0.0
opex_revenues,"(3, 3, 'Feedstock', 'bio oil')",0.0
opex_revenues,"(3, 3, 'Feedstock', 'avoided coal')",0.0
opex_revenues,"(3, 3, 'Feedstock', 'electricity')",0.0
opex_revenues,"(3, 4, 'Feedstock', 'avoided fertilizer')",0.0
opex_revenues,"(3, 4, 'Feedstock', 'bio oil')",0.0
opex_revenues,"(3, 4, 'Feedstock', 'avoided coal')",0.0
opex_revenues,"(3, 4, 'Feedstock', 'electricity')",0.0
opex_revenues,"(3, 5, 'Feedstock', 'avoided fertilizer')",410066.5510745867
opex_revenues,"(3, 5, 'Feedstock', 'bio oil')",0.0
opex_revenues,"(3, 5, 'Feedstock', 'avoided coal')",0.0
opex_revenues,"(3, 5, 'Feedstock', 'electricity')",0.0
opex_revenues,"(3, 6, 'Feedstock', 'avoided fertilizer')",0.0
opex_revenues,"(3, 6, 'Feedstock', 'bio oil')",0.0
opex_revenues,"(3, 6, 'Feedstock', 'avoided coal')",0.0
opex_revenues,"(3, 6, 'Feedstock', 'electricity')",0.0
opex_revenues,"(3, 7, 'Feedstock', 'avoided fertilizer')",0.0
opex_revenues,"(3, 7, 'Feedstock', 'bio oil')",0.0
opex_revenues,"(3, 7, 'Feedstock', 'avoided coal')",0.0
opex_revenues,"(3, 7, 'Feedstock', 'electricity')",0.0
opex_revenues,"(3, 8, 'Feedstock', 'avoided fertilizer')",0.0
opex_revenues,"(3, 8, 'Feedstock', 'bio oil')",0.0
opex_revenues,"(3, 8, 'Feedstock', 'avoided coal')",0.0
opex_revenues,"(3, 8, 'Feedstock', 'electricity')",0.0
opex_revenues,"(3, 9, 'Feedstock', 'avoided fertilizer')",0.0
opex_revenues,"(3, 9, 'Feedstock', 'bio oil')",0.0
opex_revenues,"(3, 9, 'Feedstock', 'avoided coal')",0.0
opex_revenues,"(3, 9, 'Feedstock', 'electricity')",0.0
opex_revenues,"(3, 10, 'Feedstock', 'avoided fertilizer')",0.0
opex_revenues,"(3, 10, 'Feedstock', 'bio oil')",0.0
opex_revenues,"(3, 10, 'Feedstock', 'avoided coal')",0.0
opex_revenues,"(3, 10, 'Feedstock', 'electricity')",0.0
opex_revenues,"(3, 11, 'Feedstock', 'avoided fertilizer')",0.0
opex_revenues,"(3, 11, 'Feedstock', 'bio oil')",0.0
opex_revenues,"(3, 11, 'Feedstock', 'avoided coal')",0.0
opex_revenues,"(3, 11, 'Feedstock', 'electricity')",0.0
opex_revenues,"(3, 12, 'Feedstock', 'avoided fertilizer')",0.0
opex_revenues,"(3, 12, 'Feedstock', 'bio oil')",0.0
opex_revenues,"(3, 12, 'Feedstock', 'avoided coal')",0.0
opex_revenues,"(3, 12, 'Feedstock', 'electricity')",0.0
opex_revenues,"(3, 13, 'Feedstock', 'avoided fertilizer')",0.0
opex_revenues,"(3, 13, 'Feedstock', 'bio oil')",0.0
opex_revenues,"(3, 13, 'Feedstock', 'avoided coal')",0.0
opex_revenues,"(3, 13, 'Feedstock', 'electricity')",0.0
opex_revenues,"(3, 14, 'Feedstock', 'avoided fertilizer')",0.0
opex_revenues,"(3, 14, 'Feedstock', 'bio oil')",0.0
opex_revenues,"(3, 14, 'Feedstock', 'avoided coal')",0.0
opex_revenues,"(3, 14, 'Feedstock', 'electricity')",0.0
opex_revenues,"(3, 15, 'Feedstock', 'avoided fertilizer')",0.0
opex_revenues,"(3, 15, 'Feedstock', 'bio oil')",0.0
opex_revenues,"(3, 15, 'Feedstock', 'avoided coal')",0.0
opex_revenues,"(3, 15, 'Feedstock', 'electricity')",0.0
opex_revenues,"(3, 16, 'Feedstock', 'avoided fertilizer')",0.0
opex_revenues,"(3, 16, 'Feedstock', 'bio oil')",0.0
opex_revenues,"(3, 16, 'Feedstock', 'avoided coal')",0.0
opex_revenues,"(3, 16, 'Feedstock', 'electricity')",0.0
opex_revenues,"(3, 17, 'Feedstock', 'avoided fertilizer')",919775.4416626242
opex_revenues,"(3, 17, 'Feedstock', 'bio oil')",0.0
opex_revenues,"(3, 17, 'Feedstock', 'avoided coal')",0.0
opex_revenues,"(3, 17, 'Feedstock', 'electricity')",0.0
opex_revenues,"(3, 18, 'Feedstock', 'avoided fertilizer')",0.0
opex_revenues,"(3, 18, 'Feedstock', 'bio oil')",0.0
opex_revenues,"(3, 18, 'Feedstock', 'avoided coal')",0.0
opex_revenues,"(3, 18, 'Feedstock', 'electricity')",0.0
opex_revenues,"(3, 19, 'Feedstock', 'avoided fertilizer')",0.0
opex_revenues,"(3, 19, 'Feedstock', 'bio oil')",0.0
opex_revenues,"(3, 19, 'Feedstock', 'avoided coal')",0.0
opex_revenues,"(3, 19, 'Feedstock', 'electricity')",0.0
opex_revenues,"(3, 20, 'Feedstock', 'avoided fertilizer')",0.0
opex_revenues,"(3, 20, 'Feedstock', 'bio oil')",0.0
opex_revenues,"(3, 20, 'Feedstock', 'avoided coal')",0.0
opex_revenues,"(3, 20, 'Feedstock', 'electricity')",0.0
opex_revenues,"(3, 21, 'Feedstock', 'avoided fertilizer')",0.0
opex_revenues,"(3, 21, 'Feedstock', 'bio oil')",0.0
opex_revenues,"(3, 21, 'Feedstock', 'avoided coal')",0.0
opex_revenues,"(3, 21, 'Feedstock', 'electricity')",0.0
opex_revenues,"(3, 22, 'Feedstock', 'avoided fertilizer')",0.0
opex_revenues,"(3, 22, 'Feedstock', 'bio oil')",0.0
opex_revenues,"(3, 22, 'Feedstock', 'avoided coal')",0.0
opex_revenues,"(3, 22, 'Feedstock', 'electricity')",0.0
opex_revenues,"(3, 23, 'Feedstock', 'avoided fertilizer')",0.0
opex_revenues,"(3, 23, 'Feedstock', 'bio oil')",0.0
opex_revenues,"(3, 23, 'Feedstock', 'avoided coal')",0.0
opex_revenues,"(3, 23, 'Feedstock', 'electricity')",0.0
opex_revenues,"(3, 24, 'Feedstock', 'avoided fertilizer')",0.0
opex_revenues,"(3, 24, 'Feedstock', 'bio oil')",0.0
opex_revenues,"(3, 24, 'Feedstock', 'avoided coal')",0.0
opex_revenues,"(3, 24, 'Feedstock', 'electricity')",0.0
opex_revenues,"(3, 25, 'Feedstock', 'avoided fertilizer')",0.0
opex_revenues,"(3, 25, 'Feedstock', 'bio oil')",0.0
opex_revenues,"(3, 25, 'Feedstock', 'avoided coal')",0.0
opex_revenues,"(3, 25, 'Feedstock', 'electricity')",0.0
opex_revenues,"(3, 26, 'Feedstock', 'avoided fertilizer')",0.0
opex_revenues,"(3, 26, 'Feedstock', 'bio oil')",0.0
opex_revenues,"(3, 26, 'Feedstock', 'avoided coal')",0.0
opex_revenues,"(3, 26, 'Feedstock', 'electricity')",0.0
opex_revenues,"(3, 27, 'Feedstock', 'avoided fertilizer')",0.0
opex_revenues,"(3, 27, 'Feedstock', 'bio oil')",0.0
opex_revenues,"(3, 27, 'Feedstock', 'avoided coal')",0.0
opex_revenues,"(3, 27, 'Feedstock', 'electricity')",0.0
opex_revenues,"(3, 28, 'Feedstock', 'avoided fertilizer')",0.0
opex_revenues,"(3, 28, 'Feedstock', 'bio oil')",0.0
opex_revenues,"(3, 28, 'Feedstock', 'avoided coal')",0.0
opex_revenues,"(3, 28, 'Feedstock', 'electricity')",0.0
opex_revenues,"(3, 29, 'Feedstock', 'avoided fertilizer')",859603.2165071254
opex_revenues,"(3, 29, 'Feedstock', 'bio oil')",0.0
opex_revenues,"(3, 29, 'Feedstock', 'avoided coal')",0.0
opex_revenues,"(3, 29, 'Feedstock', 'electricity')",0.0
opex_revenues,"(3, 30, 'Feedstock', 'avoided fertilizer')",0.0
opex_revenues,"(3, 30, 'Feedstock', 'bio oil')",0.0
opex_revenues,"(3, 30, 'Feedstock', 'avoided coal')",0.0
opex_revenues,"(3, 30, 'Feedstock', 'electricity')",0.0
opex_revenues,"(3, 31, 'Feedstock', 'avoided fertilizer')",0.0
opex_revenues,"(3, 31, 'Feedstock', 'bio oil')",0.0
opex_revenues,"(3, 31, 'Feedstock', 'avoided coal')",0.0
opex_revenues,"(3, 31, 'Feedstock', 'electricity')",0.0
opex_revenues,"(3, 32, 'Feedstock', 'avoided fertilizer')",0.0
opex_revenues,"(3, 32, 'Feedstock', 'bio oil')",0.0
opex_revenues,"(3, 32, 'Feedstock', 'avoided coal')",0.0
opex_revenues,"(3, 32, 'Feedstock', 'electricity')",0.0
opex_revenues,"(3, 33, 'Feedstock', 'avoided fertilizer')",0.0
opex_revenues,"(3, 33, 'Feedstock', 'bio oil')",0.0
opex_revenues,"(3, 33, 'Feedstock', 'avoided coal')",0.0
opex_revenues,"(3, 33, 'Feedstock', 'electricity')",0.0
opex_revenues,"(3, 34, 'Feedstock', 'avoided fertilizer')",0.0
opex_revenues,"(3, 34, 'Feedstock', 'bio oil')",0.0
opex_revenues,"(3, 34, 'Feedstock', 'avoided coal')",0.0
opex_revenues,"(3, 34, 'Feedstock', 'electricity')",0.0
opex_revenues,"(3, 35, 'Feedstock', 'avoided fertilizer')",0.0
opex_revenues,"(3, 35, 'Feedstock', 'bio oil')",0.0
opex_revenues,"(3, 35, 'Feedstock', 'avoided coal')",0.0
opex_revenues,"(3, 35, 'Feedstock', 'electricity')",0.0
opex_revenues,"(3, 36, 'Feedstock', 'avoided fertilizer')",0.0
opex_revenues,"(3, 36, 'Feedstock', 'bio oil')",0.0
opex_revenues,"(3, 36, 'Feedstock', 'avoided coal')",0.0
opex_revenues,"(3, 36, 'Feedstock', 'electricity')",0.0
opex_revenues,"(3, 37, 'Feedstock', 'avoided fertilizer')",0.0
opex_revenues,"(3, 37, 'Feedstock', 'bio oil')",0.0
opex_revenues,"(3, 37, 'Feedstock', 'avoided coal')",0.0
opex_revenues,"(3, 37, 'Feedstock', 'electricity')",0.0
opex_revenues,"(3, 38, 'Feedstock', 'avoided fertilizer')",0.0
opex_revenues,"(3, 38, 'Feedstock', 'bio oil')",0.0
opex_revenues,"(3, 38, 'Feedstock', 'avoided coal')",0.0
opex_revenues,"(3, 38, 'Feedstock', 'electricity')",0.0
opex_revenues,"(3, 39, 'Feedstock', 'avoided fertilizer')",0.0
opex_revenues,"(3, 39, 'Feedstock', 'bio oil')",0.0
opex_revenues,"(3, 39, 'Feedstock', 'avoided coal')",0.0
opex_revenues,"(3, 39, 'Feedstock', 'electricity')",0.0
opex_revenues,"(3, 40, 'Feedstock', 'avoided fertilizer')",0.0
opex_revenues,"(3, 40, 'Feedstock', 'bio oil')",0.0
opex_revenues,"(3, 40, 'Feedstock', 'avoided coal')",0.0
opex_revenues,"(3, 40, 'Feedstock', 'electricity')",0.0
opex_revenues,"(3, 41, 'Feedstock', 'avoided fertilizer')",803367.4920627342
opex_revenues,"(3, 41, 'Feedstock', 'bio oil')",0.0
opex_revenues,"(3, 41, 'Feedstock', 'avoided coal')",0.0
opex_revenues,"(3, 41, 'Feedstock', 'electricity')",0.0
opex_revenues,"(3, 42, 'Feedstock', 'avoided fertilizer')",0.0
opex_revenues,"(3, 42, 'Feedstock', 'bio oil')",0.0
opex_revenues,"(3, 42, 'Feedstock', 'avoided coal')",0.0
opex_revenues,"(3, 42, 'Feedstock', 'electricity')",0.0
opex_revenues,"(3, 43, 'Feedstock', 'avoided fertilizer')",0.0
opex_revenues,"(3, 43, 'Feedstock', 'bio oil')",0.0
opex_revenues,"(3, 43, 'Feedstock', 'avoided coal')",0.0
opex_revenues,"(3, 43, 'Feedstock', 'electricity')",0.0
opex_revenues,"(3, 44, 'Feedstock', 'avoided fertilizer')",0.0
opex_revenues,"(3, 44, 'Feedstock', 'bio oil')",0.0
opex_revenues,"(3, 44, 'Feedstock', 'avoided coal')",0.0
opex_revenues,"(3, 44, 'Feedstock', 'electricity')",0.0
opex_revenues,"(3, 45, 'Feedstock', 'avoided fertilizer')",0.0
opex_revenues,"(3, 45, 'Feedstock', 'bio oil')",0.0
opex_revenues,"(3, 45, 'Feedstock', 'avoided coal')",0.0
opex_revenues,"(3, 45, 'Feedstock', 'electricity')",0.0
opex_revenues,"(3, 46, 'Feedstock', 'avoided fertilizer')",0.0
opex_revenues,"(3, 46, 'Feedstock', 'bio oil')",0.0
opex_revenues,"(3, 46, 'Feedstock', 'avoided coal')",0.0
opex_revenues,"(3, 46, 'Feedstock', 'electricity')",0.0
opex_revenues,"(3, 47, 'Feedstock', 'avoided fertilizer')",0.0
opex_revenues,"(3, 47, 'Feedstock', 'bio oil')",0.0
opex_revenues,"(3, 47, 'Feedstock', 'avoided coal')",0.0
opex_revenues,"(3, 47, 'Feedstock', 'electricity')",0.0
opex_revenues,"(3, 48, 'Feedstock', 'avoided fertilizer')",0.0
opex_revenues,"(3, 48, 'Feedstock', 'bio oil')",0.0
opex_revenues,"(3, 48, 'Feedstock', 'avoided coal')",0.0
opex_revenues,"(3, 48, 'Feedstock', 'electricity')",0.0
opex_revenues,"(3, 49, 'Feedstock', 'avoided fertilizer')",0.0
opex_revenues,"(3, 49, 'Feedstock', 'bio oil')",0.0
opex_revenues,"(3, 49, 'Feedstock', 'avoided coal')",0.0
opex_revenues,"(3, 49, 'Feedstock', 'electricity')",0.0
opex_revenues,"(3, 50, 'Feedstock', 'avoided fertilizer')",0.0
opex_revenues,"(3, 50, 'Feedstock', 'bio oil')",0.0
opex_revenues,"(3, 50, 'Feedstock', 'avoided coal')",0.0
opex_revenues,"(3, 50, 'Feedstock', 'electricity')",0.0
opex_revenues,"(3, 51, 'Feedstock', 'avoided fertilizer')",0.0
opex_revenues,"(3, 51, 'Feedstock', 'bio oil')",0.0
opex_revenues,"(3, 51, 'Feedstock', 'avoided coal')",0.0
opex_revenues,"(3, 51, 'Feedstock', 'electricity')",0.0
opex_revenues,"(3, 52, 'Feedstock', 'avoided fertilizer')",0.0
opex_revenues,"(3, 52, 'Feedstock', 'bio oil')",0.0
opex_revenues,"(3, 52, 'Feedstock', 'avoided coal')",0.0
opex_revenues,"(3, 52, 'Feedstock', 'electricity')",0.0
opex_revenues,"(3, 53, 'Feedstock', 'avoided fertilizer')",750810.7402455459
opex_revenues,"(3, 53, 'Feedstock', 'bio oil')",0.0
opex_revenues,"(3, 53, 'Feedstock', 'avoided coal')",0.0
opex_revenues,"(3, 53, 'Feedstock', 'electricity')",0.0
opex_revenues,"(3, 54, 'Feedstock', 'avoided fertilizer')",0.0
opex_revenues,"(3, 54, 'Feedstock', 'bio oil')",0.0
opex_revenues,"(3, 54, 'Feedstock', 'avoided coal')",0.0
opex_revenues,"(3, 54, 'Feedstock', 'electricity')",0.0
opex_revenues,"(3, 55, 'Feedstock', 'avoided fertilizer')",0.0
opex_revenues,"(3, 55, 'Feedstock', 'bio oil')",0.0
opex_revenues,"(3, 55, 'Feedstock', 'avoided coal')",0.0
opex_revenues,"(3, 55, 'Feedstock', 'electricity')",0.0
opex_revenues,"(3, 56, 'Feedstock', 'avoided fertilizer')",0.0
opex_revenues,"(3, 56, 'Feedstock', 'bio oil')",0.0
opex_revenues,"(3, 56, 'Feedstock', 'avoided coal')",0.0
opex_revenues,"(3, 56, 'Feedstock', 'electricity')",0.0
opex_revenues,"(3, 57, 'Feedstock', 'avoided fertilizer')",0.0
opex_revenues,"(3, 57, 'Feedstock', 'bio oil')",0.0
opex_revenues,"(3, 57, 'Feedstock', 'avoided coal')",0.0
opex_revenues,"(3, 57, 'Feedstock', 'electricity')",0.0
opex_revenues,"(3, 58, 'Feedstock', 'avoided fertilizer')",0.0
opex_revenues,"(3, 58, 'Feedstock', 'bio oil')",0.0
opex_revenues,"(3, 58, 'Feedstock', 'avoided coal')",0.0
opex_revenues,"(3, 58, 'Feedstock', 'electricity')",0.0
opex_revenues,"(3, 59, 'Feedstock', 'avoided fertilizer')",0.0
opex_revenues,"(3, 59, 'Feedstock', 'bio oil')",0.0
opex_revenues,"(3, 59, 'Feedstock', 'avoided coal')",0.0
opex_revenues,"(3, 59, 'Feedstock', 'electricity')",0.0
opex_revenues,"(3, 60, 'Feedstock', 'avoided fertilizer')",0.0
opex_revenues,"(3, 60, 'Feedstock', 'bio oil')",0.0
opex_revenues,"(3, 60, 'Feedstock', 'avoided coal')",0.0
opex_revenues,"(3, 60, 'Feedstock', 'electricity')",0.0
opex_revenues,"(3, 61, 'Feedstock', 'avoided fertilizer')",0.0
opex_revenues,"(3, 61, 'Feedstock', 'bio oil')",0.0
opex_revenues,"(3, 61, 'Feedstock', 'avoided coal')",0.0
opex_revenues,"(3, 61, 'Feedstock', 'electricity')",0.0
opex_revenues,"(3, 62, 'Feedstock', 'avoided fertilizer')",0.0
opex_revenues,"(3, 62, 'Feedstock', 'bio oil')",0.0
opex_revenues,"(3, 62, 'Feedstock', 'avoided coal')",0.0
opex_revenues,"(3, 62, 'Feedstock', 'electricity')",0.0
opex_revenues,"(3, 63, 'Feedstock', 'avoided fertilizer')",0.0
opex_revenues,"(3, 63, 'Feedstock', 'bio oil')",0.0
opex_revenues,"(3, 63, 'Feedstock', 'avoided coal')",0.0
opex_revenues,"(3, 63, 'Feedstock', 'electricity')",0.0
opex_revenues,"(3, 64, 'Feedstock', 'avoided fertilizer')",0.0
opex_revenues,"(3, 64, 'Feedstock', 'bio oil')",0.0
opex_revenues,"(3, 64, 'Feedstock', 'avoided coal')",0.0
opex_revenues,"(3, 64, 'Feedstock', 'electricity')",0.0
opex_revenues,"(3, 65, 'Feedstock', 'avoided fertilizer')",701692.280603314
opex_revenues,"(3, 65, 'Feedstock', 'bio oil')",0.0
opex_revenues,"(3, 65, 'Feedstock', 'avoided coal')",0.0
opex_revenues,"(3, 65, 'Feedstock', 'electricity')",0.0
opex_revenues,"(3, 66, 'Feedstock', 'avoided fertilizer')",0.0
opex_revenues,"(3, 66, 'Feedstock', 'bio oil')",0.0
opex_revenues,"(3, 66, 'Feedstock', 'avoided coal')",0.0
opex_revenues,"(3, 66, 'Feedstock', 'electricity')",0.0
opex_revenues,"(3, 67, 'Feedstock', 'avoided fertilizer')",0.0
opex_revenues,"(3, 67, 'Feedstock', 'bio oil')",0.0
opex_revenues,"(3, 67, 'Feedstock', 'avoided coal')",0.0
opex_revenues,"(3, 67, 'Feedstock', 'electricity')",0.0
opex_revenues,"(3, 68, 'Feedstock', 'avoided fertilizer')",0.0
opex_revenues,"(3, 68, 'Feedstock', 'bio oil')",0.0
opex_revenues,"(3, 68, 'Feedstock', 'avoided coal')",0.0
opex_revenues,"(3, 68, 'Feedstock', 'electricity')",0.0
opex_revenues,"(3, 69, 'Feedstock', 'avoided fertilizer')",0.0
opex_revenues,"(3, 69, 'Feedstock', 'bio oil')",0.0
opex_revenues,"(3, 69, 'Feedstock', 'avoided coal')",0.0
opex_revenues,"(3, 69, 'Feedstock', 'electricity')",0.0
opex_revenues,"(3, 70, 'Feedstock', 'avoided fertilizer')",0.0
opex_revenues,"(3, 70, 'Feedstock', 'bio oil')",0.0
opex_revenues,"(3, 70, 'Feedstock', 'avoided coal')",0.0
opex_revenues,"(3, 70, 'Feedstock', 'electricity')",0.0
opex_revenues,"(3, 71, 'Feedstock', 'avoided fertilizer')",0.0
opex_revenues,"(3, 71, 'Feedstock', 'bio oil')",0.0
opex_revenues,"(3, 71, 'Feedstock', 'avoided coal')",0.0
opex_revenues,"(3, 71, 'Feedstock', 'electricity')",0.0
opex_revenues,"(3, 72, 'Feedstock', 'avoided fertilizer')",0.0
opex_revenues,"(3, 72, 'Feedstock', 'bio oil')",0.0
opex_revenues,"(3, 72, 'Feedstock', 'avoided coal')",0.0
opex_revenues,"(3, 72, 'Feedstock', 'electricity')",0.0
opex_revenues,"(3, 73, 'Feedstock', 'avoided fertilizer')",0.0
opex_revenues,"(3, 73, 'Feedstock', 'bio oil')",0.0
opex_revenues,"(3, 73, 'Feedstock', 'avoided coal')",0.0
opex_revenues,"(3, 73, 'Feedstock', 'electricity')",0.0
opex_revenues,"(3, 74, 'Feedstock', 'avoided fertilizer')",0.0
opex_revenues,"(3, 74, 'Feedstock', 'bio oil')",0.0
opex_revenues,"(3, 74, 'Feedstock', 'avoided coal')",0.0
opex_revenues,"(3, 74, 'Feedstock', 'electricity')",0.0
opex_revenues,"(3, 75, 'Feedstock', 'avoided fertilizer')",0.0
opex_revenues,"(3, 75, 'Feedstock', 'bio oil')",0.0
opex_revenues,"(3, 75, 'Feedstock', 'avoided coal')",0.0
opex_revenues,"(3, 75, 'Feedstock', 'electricity')",0.0
opex_revenues,"(3, 76, 'Feedstock', 'avoided fertilizer')",0.0
opex_revenues,"(3, 76, 'Feedstock', 'bio oil')",0.0
opex_revenues,"(3, 76, 'Feedstock', 'avoided coal')",0.0
opex_revenues,"(3, 76, 'Feedstock', 'electricity')",0.0
opex_revenues,"(3, 77, 'Feedstock', 'avoided fertilizer')",655787.1781339382
opex_revenues,"(3, 77, 'Feedstock', 'bio oil')",0.0
opex_revenues,"(3, 77, 'Feedstock', 'avoided coal')",0.0
opex_revenues,"(3, 77, 'Feedstock', 'electricity')",0.0
opex_revenues,"(3, 78, 'Feedstock', 'avoided fertilizer')",0.0
opex_revenues,"(3, 78, 'Feedstock', 'bio oil')",0.0
opex_revenues,"(3, 78, 'Feedstock', 'avoided coal')",0.0
opex_revenues,"(3, 78, 'Feedstock', 'electricity')",0.0
opex_revenues,"(3, 79, 'Feedstock', 'avoided fertilizer')",0.0
opex_revenues,"(3, 79, 'Feedstock', 'bio oil')",0.0
opex_revenues,"(3, 79, 'Feedstock', 'avoided coal')",0.0
opex_revenues,"(3, 79, 'Feedstock', 'electricity')",0.0
opex_revenues,"(3, 80, 'Feedstock', 'avoided fertilizer')",0.0
opex_revenues,"(3, 80, 'Feedstock', 'bio oil')",0.0
opex_revenues,"(3, 80, 'Feedstock', 'avoided coal')",0.0
opex_revenues,"(3, 80, 'Feedstock', 'electricity')",0.0
opex_revenues,"(3, 81, 'Feedstock', 'avoided fertilizer')",0.0
opex_revenues,"(3, 81, 'Feedstock', 'bio oil')",0.0
opex_revenues,"(3, 81, 'Feedstock', 'avoided coal')",0.0
opex_revenues,"(3, 81, 'Feedstock', 'electricity')",0.0
opex_revenues,"(3, 82, 'Feedstock', 'avoided fertilizer')",0.0
opex_revenues,"(3, 82, 'Feedstock', 'bio oil')",0.0
opex_revenues,"(3, 82, 'Feedstock', 'avoided coal')",0.0
opex_revenues,"(3, 82, 'Feedstock', 'electricity')",0.0
opex_revenues,"(3, 83, 'Feedstock', 'avoided fertilizer')",0.0
opex_revenues,"(3, 83, 'Feedstock', 'bio oil')",0.0
opex_revenues,"(3, 83, 'Feedstock', 'avoided coal')",0.0
opex_revenues,"(3, 83, 'Feedstock', 'electricity')",0.0
opex_revenues,"(3, 84, 'Feedstock', 'avoided fertilizer')",0.0
opex_revenues,"(3, 84, 'Feedstock', 'bio oil')",0.0
opex_revenues,"(3, 84, 'Feedstock', 'avoided coal')",0.0
opex_revenues,"(3, 84, 'Feedstock', 'electricity')",0.0
opex_revenues,"(3, 85, 'Feedstock', 'avoided fertilizer')",0.0
opex_revenues,"(3, 85, 'Feedstock', 'bio oil')",0.0
opex_revenues,"(3, 85, 'Feedstock', 'avoided coal')",0.0
opex_revenues,"(3, 85, 'Feedstock', 'electricity')",0.0
opex_revenues,"(3, 86, 'Feedstock', 'avoided fertilizer')",0.0
opex_revenues,"(3, 86, 'Feedstock', 'bio oil')",0.0
opex_revenues,"(3, 86, 'Feedstock', 'avoided coal')",0.0
opex_revenues,"(3, 86, 'Feedstock', 'electricity')",0.0
opex_revenues,"(3, 87, 'Feedstock', 'avoided fertilizer')",0.0
opex_revenues,"(3, 87, 'Feedstock', 'bio oil')",0.0
opex_revenues,"(3, 87, 'Feedstock', 'avoided coal')",0.0
opex_revenues,"(3, 87, 'Feedstock', 'electricity')",0.0
opex_revenues,"(3, 88, 'Feedstock', 'avoided fertilizer')",0.0
opex_revenues,"(3, 88, 'Feedstock', 'bio oil')",0.0
opex_revenues,"(3, 88, 'Feedstock', 'avoided coal')",0.0
opex_revenues,"(3, 88, 'Feedstock', 'electricity')",0.0
opex_revenues,"(3, 89, 'Feedstock', 'avoided fertilizer')",612885.2132092882
opex_revenues,"(3, 89, 'Feedstock', 'bio oil')",0.0
opex_revenues,"(3, 89, 'Feedstock', 'avoided coal')",0.0
opex_revenues,"(3, 89, 'Feedstock', 'electricity')",0.0
opex_revenues,"(3, 90, 'Feedstock', 'avoided fertilizer')",0.0
opex_revenues,"(3, 90, 'Feedstock', 'bio oil')",0.0
opex_revenues,"(3, 90, 'Feedstock', 'avoided coal')",0.0
opex_revenues,"(3, 90, 'Feedstock', 'electricity')",0.0
opex_revenues,"(3, 91, 'Feedstock', 'avoided fertilizer')",0.0
opex_revenues,"(3, 91, 'Feedstock', 'bio oil')",0.0
opex_revenues,"(3, 91, 'Feedstock', 'avoided coal')",0.0
opex_revenues,"(3, 91, 'Feedstock', 'electricity')",0.0
opex_revenues,"(3, 92, 'Feedstock', 'avoided fertilizer')",0.0
opex_revenues,"(3, 92, 'Feedstock', 'bio oil')",0.0
opex_revenues,"(3, 92, 'Feedstock', 'avoided coal')",0.0
opex_revenues,"(3, 92, 'Feedstock', 'electricity')",0.0
opex_revenues,"(3, 93, 'Feedstock', 'avoided fertilizer')",0.0
opex_revenues,"(3, 93, 'Feedstock', 'bio oil')",0.0
opex_revenues,"(3, 93, 'Feedstock', 'avoided coal')",0.0
opex_revenues,"(3, 93, 'Feedstock', 'electricity')",0.0
opex_revenues,"(3, 94, 'Feedstock', 'avoided fertilizer')",0.0
opex_revenues,"(3, 94, 'Feedstock', 'bio oil')",0.0
opex_revenues,"(3, 94, 'Feedstock', 'avoided coal')",0.0
opex_revenues,"(3, 94, 'Feedstock', 'electricity')",0.0
opex_revenues,"(3, 95, 'Feedstock', 'avoided fertilizer')",0.0
opex_revenues,"(3, 95, 'Feedstock', 'bio oil')",0.0
opex_revenues,"(3, 95, 'Feedstock', 'avoided coal')",0.0
opex_revenues,"(3, 95, 'Feedstock', 'electricity')",0.0
opex_revenues,"(3, 96, 'Feedstock', 'avoided fertilizer')",0.0
opex_revenues,"(3, 96, 'Feedstock', 'bio oil')",0.0
opex_revenues,"(3, 96, 'Feedstock', 'avoided coal')",0.0
opex_revenues,"(3, 96, 'Feedstock', 'electricity')",0.0
opex_revenues,"(3, 97, 'Feedstock', 'avoided fertilizer')",0.0
opex_revenues,"(3, 97, 'Feedstock', 'bio oil')",0.0
opex_revenues,"(3, 97, 'Feedstock', 'avoided coal')",0.0
opex_revenues,"(3, 97, 'Feedstock', 'electricity')",0.0
opex_revenues,"(3, 98, 'Feedstock', 'avoided fertilizer')",0.0
opex_revenues,"(3, 98, 'Feedstock', 'bio oil')",0.0
opex_revenues,"(3, 98, 'Feedstock', 'avoided coal')",0.0
opex_revenues,"(3, 98, 'Feedstock', 'electricity')",0.0
opex_revenues,"(3, 99, 'Feedstock', 'avoided fertilizer')",0.0
opex_revenues,"(3, 99, 'Feedstock', 'bio oil')",0.0
opex_revenues,"(3, 99, 'Feedstock', 'avoided coal')",0.0
opex_revenues,"(3, 99, 'Feedstock', 'electricity')",0.0
opex_revenues,"(3, 100, 'Feedstock', 'avoided fertilizer')",0.0
opex_revenues,"(3, 100, 'Feedstock', 'bio oil')",0.0
opex_revenues,"(3, 100, 'Feedstock', 'avoided coal')",0.0
opex_revenues,"(3, 100, 'Feedstock', 'electricity')",0.0
opex_revenues,"(3, 101, 'Feedstock', 'avoided fertilizer')",572789.9188871853
opex_revenues,"(3, 101, 'Feedstock', 'bio oil')",0.0
opex_revenues,"(3, 101, 'Feedstock', 'avoided coal')",0.0
opex_revenues,"(3, 101, 'Feedstock', 'electricity')",0.0
opex_revenues,"(3, 102, 'Feedstock', 'avoided fertilizer')",0.0
opex_revenues,"(3, 102, 'Feedstock', 'bio oil')",0.0
opex_revenues,"(3, 102, 'Feedstock', 'avoided coal')",0.0
opex_revenues,"(3, 102, 'Feedstock', 'electricity')",0.0
opex_revenues,"(3, 103, 'Feedstock', 'avoided fertilizer')",0.0
opex_revenues,"(3, 103, 'Feedstock', 'bio oil')",0.0
opex_revenues,"(3, 103, 'Feedstock', 'avoided coal')",0.0
opex_revenues,"(3, 103, 'Feedstock', 'electricity')",0.0
opex_revenues,"(3, 104, 'Feedstock', 'avoided fertilizer')",0.0
opex_revenues,"(3, 104, 'Feedstock', 'bio oil')",0.0
opex_revenues,"(3, 104, 'Feedstock', 'avoided coal')",0.0
opex_revenues,"(3, 104, 'Feedstock', 'electricity')",0.0
opex_revenues,"(3, 105, 'Feedstock', 'avoided fertilizer')",0.0
opex_revenues,"(3, 105, 'Feedstock', 'bio oil')",0.0
opex_revenues,"(3, 105, 'Feedstock', 'avoided coal')",0.0
opex_revenues,"(3, 105, 'Feedstock', 'electricity')",0.0
opex_revenues,"(3, 106, 'Feedstock', 'avoided fertilizer')",0.0
opex_revenues,"(3, 106, 'Feedstock', 'bio oil')",0.0
opex_revenues,"(3, 106, 'Feedstock', 'avoided coal')",0.0
opex_revenues,"(3, 106, 'Feedstock', 'electricity')",0.0
opex_revenues,"(3, 107, 'Feedstock', 'avoided fertilizer')",0.0
opex_revenues,"(3, 107, 'Feedstock', 'bio oil')",0.0
opex_revenues,"(3, 107, 'Feedstock', 'avoided coal')",0.0
opex_revenues,"(3, 107, 'Feedstock', 'electricity')",0.0
opex_revenues,"(3, 108, 'Feedstock', 'avoided fertilizer')",0.0
opex_revenues,"(3, 108, 'Feedstock', 'bio oil')",0.0
opex_revenues,"(3, 108, 'Feedstock', 'avoided coal')",0.0
opex_revenues,"(3, 108, 'Feedstock', 'electricity')",0.0
opex_revenues,"(3, 109, 'Feedstock', 'avoided fertilizer')",0.0
opex_revenues,"(3, 109, 'Feedstock', 'bio oil')",0.0
opex_revenues,"(3, 109, 'Feedstock', 'avoided coal')",0.0
opex_revenues,"(3, 109, 'Feedstock', 'electricity')",0.0
opex_revenues,"(3, 110, 'Feedstock', 'avoided fertilizer')",0.0
opex_revenues,"(3, 110, 'Feedstock', 'bio oil')",0.0
opex_revenues,"(3, 110, 'Feedstock', 'avoided coal')",0.0
opex_revenues,"(3, 110, 'Feedstock', 'electricity')",0.0
opex_revenues,"(3, 111, 'Feedstock', 'avoided fertilizer')",0.0
opex_revenues,"(3, 111, 'Feedstock', 'bio oil')",0.0
opex_revenues,"(3, 111, 'Feedstock', 'avoided coal')",0.0
opex_revenues,"(3, 111, 'Feedstock', 'electricity')",0.0
opex_revenues,"(3, 112, 'Feedstock', 'avoided fertilizer')",0.0
opex_revenues,"(3, 112, 'Feedstock', 'bio oil')",0.0
opex_revenues,"(3, 112, 'Feedstock', 'avoided coal')",0.0
opex_revenues,"(3, 112, 'Feedstock', 'electricity')",0.0
opex_revenues,"(3, 113, 'Feedstock', 'avoided fertilizer')",535317.6812029768
opex_revenues,"(3, 113, 'Feedstock', 'bio oil')",0.0
opex_revenues,"(3, 113, 'Feedstock', 'avoided coal')",0.0
opex_revenues,"(3, 113, 'Feedstock', 'electricity')",0.0
opex_revenues,"(3, 114, 'Feedstock', 'avoided fertilizer')",0.0
opex_revenues,"(3, 114, 'Feedstock', 'bio oil')",0.0
opex_revenues,"(3, 114, 'Feedstock', 'avoided coal')",0.0
opex_revenues,"(3, 114, 'Feedstock', 'electricity')",0.0
opex_revenues,"(3, 115, 'Feedstock', 'avoided fertilizer')",0.0
opex_revenues,"(3, 115, 'Feedstock', 'bio oil')",0.0
opex_revenues,"(3, 115, 'Feedstock', 'avoided coal')",0.0
opex_revenues,"(3, 115, 'Feedstock', 'electricity')",0.0
opex_revenues,"(3, 116, 'Feedstock', 'avoided fertilizer')",0.0
opex_revenues,"(3, 116, 'Feedstock', 'bio oil')",0.0
opex_revenues,"(3, 116, 'Feedstock', 'avoided coal')",0.0
opex_revenues,"(3, 116, 'Feedstock', 'electricity')",0.0
opex_revenues,"(3, 117, 'Feedstock', 'avoided fertilizer')",0.0
opex_revenues,"(3, 117, 'Feedstock', 'bio oil')",0.0
opex_revenues,"(3, 117, 'Feedstock', 'avoided coal')",0.0
opex_revenues,"(3, 117, 'Feedstock', 'electricity')",0.0
opex_revenues,"(3, 118, 'Feedstock', 'avoided fertilizer')",0.0
opex_revenues,"(3, 118, 'Feedstock', 'bio oil')",0.0
opex_revenues,"(3, 118, 'Feedstock', 'avoided coal')",0.0
opex_revenues,"(3, 118, 'Feedstock', 'electricity')",0.0
opex_revenues,"(3, 119, 'Feedstock', 'avoided fertilizer')",0.0
opex_revenues,"(3, 119, 'Feedstock', 'bio oil')",0.0
opex_revenues,"(3, 119, 'Feedstock', 'avoided coal')",0.0
opex_revenues,"(3, 119, 'Feedstock', 'electricity')",0.0
Variable,process_capex
process_capex,"(3, 'Feedstock')",10808.6544
Variable,storage_capex
storage_capex,"(3, 'Feedstock')",2570416.3199999994
